-- MySQL dump 10.13  Distrib 5.5.43, for debian-linux-gnu (x86_64)
--
-- Host: 0.0.0.0    Database: anime
-- ------------------------------------------------------
-- Server version	5.5.43-0ubuntu0.14.04.1

/*!40101 SET @OLD_CHARACTER_SET_CLIENT=@@CHARACTER_SET_CLIENT */;
/*!40101 SET @OLD_CHARACTER_SET_RESULTS=@@CHARACTER_SET_RESULTS */;
/*!40101 SET @OLD_COLLATION_CONNECTION=@@COLLATION_CONNECTION */;
/*!40101 SET NAMES utf8 */;
/*!40103 SET @OLD_TIME_ZONE=@@TIME_ZONE */;
/*!40103 SET TIME_ZONE='+00:00' */;
/*!40014 SET @OLD_UNIQUE_CHECKS=@@UNIQUE_CHECKS, UNIQUE_CHECKS=0 */;
/*!40014 SET @OLD_FOREIGN_KEY_CHECKS=@@FOREIGN_KEY_CHECKS, FOREIGN_KEY_CHECKS=0 */;
/*!40101 SET @OLD_SQL_MODE=@@SQL_MODE, SQL_MODE='NO_AUTO_VALUE_ON_ZERO' */;
/*!40111 SET @OLD_SQL_NOTES=@@SQL_NOTES, SQL_NOTES=0 */;

--
-- Dumping data for table `anime`
--

LOCK TABLES `anime` WRITE;
/*!40000 ALTER TABLE `anime` DISABLE KEYS */;
INSERT INTO `anime` VALUES ('35shoutai','對魔導學園35試驗小隊','対魔導学園35試験小隊','2015au','在人類逐漸無法使用魔法的世界裏，人們為了對付還擁有殘存魔力的人類，成立了培訓「異端審問官」的機關「對魔導學園」。主角草薙哮在這個以槍械為主要武器 的環境裏，仍舊使用刀劍戰鬥，而他所率領的第35試驗小隊，更是由一群劣等生所組成，甚至有「蝦兵蟹將小隊」之稱。某日，身為頂尖「魔女獵人」的超精英槍 械高手－鳳櫻花加入了這隻小隊，讓第35試驗小隊開始有了改變。',12,'2015-10-08 00:00:00','http://35shoutai.jp/img/35_visual.jpg','https://pbs.twimg.com/profile_images/632054928727367680/TAij0zQ9_400x400.jpg',9,0),('activeraid','Active Raid -機動強襲室第八班-','アクティヴレイド -機動強襲室第八係-','2016wi','',13,'2016-01-08 00:00:00','http://activeraid.net/user_data/packages/default/img/main_t.jpg','https://pbs.twimg.com/profile_images/657201091797368832/H7EY34dQ.png',0,0.5),('ajin','亞人','亜人','2016wi','最早在1980年代，於非洲的戰場被發現不會死亡的人類。自那之後在人類當中會不時發現一些不死的新物種，人們稱其為「亞人」。故事發生在現代，普通高中學生永井圭遇到交通意外即時死亡，隨後在下一刻死而復生，圭因此被判斷是新發現的「亞人」，然後被巨額懸紅追捕。為了逃離政府的追捕而展開大逃亡，永井圭進入逃亡生涯，而在逃亡期間永井圭無意識間發動了「亞人」的潛在能力。永井圭在得到其他亞人同伴幫助，終於逃出研究機構，可是又要面對亞人佐藤引發的亞人革命。',13,'2016-01-16 00:00:00','https://pbs.twimg.com/media/CXJc0lGWMAA_rjC.jpg','https://na.cx/i/HdXs3N.jpg',0,0),('akagami2','赤髮白雪姬 第2期','赤髪の白雪姫 第2期','2016wi','天生擁有一頭如紅蘋果般美麗髮色的少女，白雪，因為這樣的稀有髮色而被惡名昭彰的拉治王子看上，打算強行納她為愛妾。感到困擾的白雪決定離開自己的國家，並在鄰國克拉里尼斯的森林之中，遇到了一名少年千、兩名隨身侍衛光秀和木木。在千的協助下，順利解決與拉治王子有關的問題後，白雪決定在克拉里尼斯王國留下來，以成為一名宮廷藥劑師為目標而努力著，也希望將來能夠待在千的身側繼續協助他 , 並通過自己的能力踏入王宮',13,'2016-01-12 00:00:00','https://pbs.twimg.com/media/CWAFi9uWwAAxsl2.jpg','https://pbs.twimg.com/profile_images/669360501810327552/q0lTvGON_400x400.jpg',0,0),('aldnoah-zero','ALDNOAH．ZERO','アルドノア．ゼロ','2014su','1972年，在月球發現連接地球與火星的古代文明遺產「超空間門」，地球派出了以雷列加利亞博士為首的調查團，在火星上發現古代火星文明的「Aldnoah」科技。1985年，雷列加利亞博士在火星成立「沃斯帝國」並登基稱帝。1999年，雷列加利亞之子、第二任皇帝基爾澤利亞對地球宣戰。然而，因超空間門失控而發生摧毀月球的災難「Heaven fall」，造成基爾澤利亞陣亡，火星與地球雙方於2000年停戰。\n\n2014年，已經休戰十餘年的地球與火星正在進行和平談判，火星公主艾瑟伊拉姆·瓦瑟·艾莉歐斯亞以親善大使的身份訪問地球。然而，她的遊行車隊在新蘆原市遭到恐怖分子的飛彈攻擊，其生死不明。火星方面將其視為地球的宣戰公告，此前駐紮於衛星軌道的火星軌道騎士，紛紛降落地球，對地球展開攻擊...... ',12,'2014-07-06 00:00:00','http://k31.kn3.net/taringa/2/4/5/9/5/6/38/jeann96/95B.jpg','http://i1.hdslb.com/sp/e3/e36ba6606509d5b2747200bb52a37299_m.jpg',0,1.66667),('anitore','動畫鍛鍊！EX','あにトレ！EX','2015au','伏地挺身、腹肌、背肌、舞蹈、瑜伽、拉伸運動、軀幹鍛鍊、太極拳……每回都有形形色色的豐富鍛鍊項目！以偶像為目標的五名可愛角色與你一同鍛鍊，讓令人在意的體脂肪率一個季度下降1000%……！？',12,'2015-10-13 00:00:00','http://anime-training.com/wordpress/wp-content/uploads/2015/11/bl.jpg','https://pbs.twimg.com/profile_images/637150473296834560/AWJ2W6Q6.png',5,0),('ansatsu','暗殺教室 第2期','','2016wi','號稱史上最兇惡的超生物「殺老師」將月球炸掉了七成，並揚言明年要炸掉地球，卻以不明目的而擔任椚丘中學3年E班的教師。各國首腦將暗殺重任交給椚丘中學3年E班，為他們配送特製武器，希望學生們能在一年之內消滅殺老師，報酬是一百億日元。從第二學期開始，國家決定讓暗殺成功者獨得一百億日元報酬，協力團體共享三百億日元報酬。全班同學想盡辦法殺死老師，故事就圍繞着這樣非日常的校園生活而展開。',25,'2016-01-08 00:00:00','https://pbs.twimg.com/media/CXZEQbJUEAARptR.jpg:large','https://pbs.twimg.com/profile_images/498033546800279553/SlFtnL3Y.jpeg',0,0.2),('aokana','蒼之彼方的四重奏','蒼の彼方のフォーリズム','2016wi','數十年前，人們發現了一種不可思議的反重力粒子（アンチグラビトン）。於是，人們用這種粒子發明了各種反重力裝置。其中反重力鞋（アンチグラビトンシューズ）的發明，使得從此之後飛行變得就像騎自行車般簡單容易。然而，因為現行法令上的限制，並不是所有的地區都可以隨心所欲地使用反重力鞋。不過，有一部分的地區能夠以實驗的名義來開放使用。其中，在日本南方，由四座島嶼所組成的四島列島，使用的年齡層最為廣泛，從老人到小孩都在使用，尤其是學生的使用率最高，日常通勤時幾乎都會使用反重力鞋。也因為反重力鞋的發明，一種名為Flying Circus（フライングサーカス，簡稱FC）的運動也隨之誕生。本作的主人公，日向晶也，是一位在小時候相當被看好的FC選手，但是在一次的比賽中，遭受到壓倒性的敗北而受挫，因而告別FC這個領域，從此不再飛行。但在一次上學途中，晶也遇到了剛轉來的轉學生，倉科明日香。因緣際會下再次使用了反重力鞋，重新燃起晶也對FC的熱情，並且與主角們共同交織成一部青春戀愛物語。',13,'2016-01-11 00:00:00','http://cdn2.comtrya.com/wp-content/uploads/2015/11/aokana01b.jpg','https://na.cx/i/4r1512.jpg',0,0),('ariaaa','緋彈的亞莉亞AA','緋弾のアリアAA','2015au','東京武偵高校，是培育行使武力的偵探——通稱“武偵”的特殊教育機關。那裡有著被稱作“戰姐妹”的前輩後輩一對一長期訓練制度。在與憧憬的最強武偵亞里亞前輩結下了戰姐妹契約後，吊車尾的最弱武偵明里，用她那小小的手拿起了槍。',12,'2015-10-07 00:00:00','http://ariaaa.tv/images/img_main.jpg','https://pbs.twimg.com/profile_images/622678898979901441/n_Uz_PPY.jpg',0,0),('arslan','亞爾斯蘭戰記','','2015sp','大陸公認的強國 帕爾斯王國，在國王 安德拉寇拉斯三世的統治下，文化和經濟都非常蓬勃繁盛。然而，在帕爾斯曆320年，鄰國魯西達尼亞舉兵入侵帕爾斯，本來可獲勝的帕爾斯，卻因為一名萬騎長的叛變而在會戰中慘敗，安德拉寇拉斯王被擄，陷入亡國的邊緣，而王子亞爾斯蘭在猛將達龍的協助下死裡逃生，前往造訪智將那爾撒斯。在二人的輔佐下，亞爾斯蘭將展開艱辛的復國之路。',25,'2015-04-05 00:00:00','http://p2.bahamut.com.tw/M/2KU/67/0001119567.JPG','http://i0.hdslb.com/sp/c9/c906395da2dbab1dd1bab14692f3aa08.jpg',0,0.96),('asterisk-war','學戰都市Asterisk','学戦都市アスタリスク','2015au','水上學院都市「六花」——在這座通稱Asterisk（阿斯塔利斯克）的城市內，以世界最大綜合戰鬥演藝《星舞祭》的舞台而遠近馳名。分屬六間學園的《星脈世代》少年少女們利用煌式武裝，賭上自己的願望競爭霸業。',12,'2015-10-03 00:00:00','http://asterisk-war.com/assets/img/bddvd/1/jk1.jpg','http://asterisk-war.com/assets/img/special/icon/ep12/asterisk_twicon_ep12_1.png',0,0),('babysteps','BABY STEPS ～網球優等生～二期','ベイビーステップ 第2系列','2015sp','丸尾榮一郎是個認真務實的高中男學生，為解決課堂學習外運動不足的問題，偶然機會下參加了南網球俱樂部（STC）的免費體驗活動，並在那裏遇到了同校的女學生鷹崎奈津。在與鷹崎談過並考量自己的興趣後，決定加入STC，開始他打網球的生涯。',25,'2015-04-05 00:00:00','http://i.imgur.com/FCrHMjJ.jpg','https://pbs.twimg.com/profile_images/629532157648592896/1U5T7XZq_400x400.jpg',0,0),('bbkbrnk','舞武器・舞亂伎','ブブキ・ブランキ','2016wi','某日時隔 10 年回國的少年・一希東突然遭受武裝男子們的襲擊而被囚禁。救出東的是身為青梅竹馬的少女・朝吹黃金、以及擁有意志的右手型態武器「舞武器」。知道舞武器的 存在以及自己也能使用舞武器的東，與遭遇到的朋友們開始了使在地下沉睡並有「王舞」之稱的舞亂伎（巨人）復活的行動......。',13,'2016-01-09 00:00:00','https://pbs.twimg.com/media/CV178RzVEAIw74s.png','https://na.cx/i/p2N79s.jpg',0,0),('bokumachi','只有我不在的街道','僕だけがいない街','2016wi','漫畫家藤沼悟偶然間發現自己擁有時間跳躍的能力，稱為「再上映（リバイバル）」。為了避開事故，藤沼悟持續使用這種能力來改變未來。藤沼悟的母親藤沼佐知子為了照顧遭遇車禍的藤沼悟，開始與他一同居住在公寓。某日，藤沼佐知子目擊到某人誘拐兒童的現場，而遭到殺害。藤沼悟被警察誤認為是殺害母親的兇手，他為了改變未來並逮捕真兇，於是再次回到小學（市立美琴小學）時期（1988年）。',26,'2016-01-08 00:00:00','https://pbs.twimg.com/media/CSgH4MnUwAEuLBN.jpg:large','https://na.cx/i/83LGEL.jpg',0,0),('chaos','Chaos Dragon 赤龍戰役','','2017su','多納提亞與黃爛——。故事描述爭奪霸權的兩個超大國進入冷戰，世界因此而四分五裂。在兩者相互對峙之時，島國尼爾·卡姆伊喪失了獨立。身為島守護神的「紅龍」發生異變，因此而成立的「混成調查隊」的成員們背負了這座島的命運！',12,'2017-07-02 00:00:00','http://img1.ak.crunchyroll.com/i/spire4/f3955d8694dedfa2c9ce0648b62e70781430807043_full.jpg','http://i2.hdslb.com/sp/d1/d16d71902d1cb3d49ee13f1490ceed2d.jpg',0,0),('charlotte','Charlotte','','2017su','只有一部分的思春期的少年少女才會發作的特殊能力。\n「5秒內，可上任何人的身」主角 乙坂有宇藉由這特殊能力，讓他是以資優生的身份過著舒爽的校園生活，並且順利地考上知名的高中。\n正以為事情就此順利時，在他面前出現了一名叫友利奈緒的少女…',13,'2017-07-05 00:00:00','http://i.imgur.com/YMDqbXq.jpg','http://i0.hdslb.com/sp/14/14c616d1d56a46380becd36589e5545c.jpg',8,5),('comet-lucifer','彗星路西法','コメット・ルシファー','2015au','《彗星路西法》講述在一顆充滿藍色光彩的寶石「Giftgem」的行星「Gift」上，有一位以收藏稀有礦石為興趣的純樸少年天城宗吾，某日他和同學齊齊 被捲入騷亂中。在礦山遺跡深處的地底湖迷路的天城宗吾，遇見了一位藍髮紅眼的神祕少女，究竟這次相遇會給宗吾帶來怎樣的轉變？冒險的大門由此敞開…',12,'2015-10-04 00:00:00','http://comet-lucifer.jp/wordpress/wp-content/uploads/2015/10/img_bd-vol1.png','http://comet-lucifer.jp/wordpress/wp-content/uploads/2015/12/pic_hitotsu_02.jpg',0,0),('concreterevolutio','超人幻想','コンクリート・レボルティオ〜超人幻想〜','2015au','《超人幻想》故事發生於「神化」這個虛構的年代，舞台是戰後20多年隨著經濟急劇成長而發展的日本。這個日本有各種「超人」以及「超人」的敵對勢力和組織 在同一時間存在，日本政府為了維持社會秩序，設立厚生省的附屬團體「超過人口審議研究所」。而其任務是發現、確保、保護「超人」，並進行安全管理。超人課 的成員人吉爾朗（石川界人聲），就是本作品的主角。',13,'2015-10-05 00:00:00','http://concreterevolutio.com/goods/images/book/comic1.jpg','http://concreterevolutio.com/goods/images/music/ed1.jpg',0,0),('dagashi','粗點心戰爭','だがしかし','2016wi','「鹿田粗點心店」（日语：シカダ駄菓子屋）開設在某個半島的沿海上，粗點心店老闆鹿田洋的兒子鹿田九夢想成為漫畫家，洋卻希望他繼承家業。某日，從都市來的少女枝垂螢來到這裡，並用各種手段希望九能夠繼承家業，雙方以粗點心為主軸所發展的戀愛喜劇就此開始了。',13,'2016-01-08 00:00:00','http://www.tbs.co.jp/anime/dagashi/images/bg_topimage.jpg','https://pbs.twimg.com/profile_images/654285258502762496/aY9PAu5R_400x400.jpg',0,0.6),('danmachi','在地下城尋求邂逅是否搞錯了什麼','ダンジョンに出会いを求めるのは間違っているだろうか','2015sp','迷宮都市歐拉麗是一座擁有雄偉地下迷宮（通稱「地下城」）的巨大都市。為了實現英雄故事中「在地下城邂逅迷人女主角」而進入迷宮的少年貝爾·克朗尼，卻被 強大怪物「彌諾陶洛斯」襲擊。危急之際，上級冒險者艾絲·華倫斯坦出面拯救了貝爾，被艾絲的英勇舉動感動的貝爾更因此愛慕著對方，將對方當成目標，希望能 成為配得上她的男人。',13,'2015-04-05 00:00:00','https://s-media-cache-ak0.pinimg.com/736x/16/fb/c4/16fbc432310f2ad3be0444eac670ee6c.jpg','https://pbs.twimg.com/profile_images/525644683511218176/xnqwOJfc_400x400.jpeg',0,0),('danna','關於完全聽不懂老公在說什麼的事 二期','旦那が何を言っているかわからない件 2スレ目','2015sp','性格認真又熱心於工作的極其普通的OL•薰。而她的老公是半尼特族的重度阿宅。雖然薰一直被不讓人省心的老公耍著玩，但兩人之間的關係卻是讓旁觀者都感到不忍直視的親密……',13,'2015-04-05 00:00:00','http://www.dreamcreation.co.jp/danna/img/top/main_02.jpg','https://pbs.twimg.com/profile_images/574553717036314624/wjVEr6ED_400x400.jpeg',0,0),('denpa_kyoshi','電波教師','','2015sp','主人公鑑純一郎沉迷漫畫、動畫、游戲、把更新動畫部落格作為每天的課題，大學畢業後就過着宅生活，因為妹妹的關係回母校當代理講師。純一郎以打破常規的教育方針獲得學生的信賴，卻因學校的關係而被解僱。之後被目擊他的課外課程且感到興趣的少女柊暦的邀請，再次回到教師生活。',24,'2015-04-05 00:00:00','https://na.cx/i/81ci73.jpg','https://pbs.twimg.com/profile_images/567158819159949313/oy8cQu3p_400x400.jpeg',0,0),('dg','Divine Gate','ディバインゲート','2016wi','',13,'2016-01-08 00:00:00','http://www.marv.jp/special/divinegate/images/top/visual_03.jpg','https://pbs.twimg.com/profile_images/647337469894004736/OLqW2ZlC_400x400.png',0,0),('diaace','鑽石王牌','ダイヤのA','2013au;2015sp','於初中時期最後的大賽，統合即將被廢止的赤城中學參賽，卻在第一回戰中投出暴投，而輸掉比賽的投手澤村榮純，本來決定要與初中時期的朋友一同考入故鄉的高中，卻被東京的棒球名校青道高中挖角，並在那裏遇見了天才捕手御幸一也，就此改變了他的人生…。',0,'2013-10-05 00:00:00','http://diaace.com/images/keyvisual_02.jpg','https://pbs.twimg.com/profile_images/2438007642/6yqruja3lavutfh8vqbt_400x400.jpeg',0,0),('dialover2','魔鬼戀人 MORE,BLOOD','DIABOLIK LOVERS MORE,BLOOD','2015au','小森唯聽從父親暫時寄宿遠房親戚家，卻發現她的親戚其實是「吸血鬼」，她必須和六個性格糟糕的兄弟同住，照?他們的夜間作息生活，並一同到「嶺帝學院高中」上課。每天過得膽顫心驚、隨時都有可能被吸血的她，是否能保有自身的信仰並活下來？',12,'2015-09-24 00:00:00','http://anime-dialover.com/dlmb/top/mainvisual/15080702.png','https://na.cx/i/OO2AZm.png',0,0),('dimension-w','Dimension W 維度戰記','ディメンションW','2016wi','故事發生在2072年，人類發現了稱為「W」的第四次元，並從其中成功的取出了無窮無盡的能源，同時也發明一種小型化、能以個人方式攜帶的次元能量接收裝置「線圈」的「世界系統」，一舉解決了能源危機，世界開始進入了夢幻的未來時代。可是，在這份美麗的願景之後，是骯髒污穢的嚴酷事實。無窮無盡的能源造成了嚴重的社會貧富差距、透過非法管道製造的「非法線圈」產生了許多犯罪，警察已無力介入非法線圈造成的犯罪。馬淵·京馬是一個專門從罪犯手中回收非法線圈的「回收業者」，某一天，他在執行一項委託行動的時候邂逅了神秘的美少女美萊，隨後不僅發現美萊是一個人造人，而且兩人也開始一起追尋第四次元「W」背後的巨大秘辛。',13,'2016-01-10 00:00:00','http://dimension-w.net/wp-content/themes/dimension-w_151009/module/img/index/bg_top_new.png','https://pbs.twimg.com/profile_images/617856952538759168/tI0sZ4S2_400x400.png',0,0),('drrr_2-3','無頭騎士異聞錄×2結','デュラララ!!×2 結','2016wi','以池袋為舞台，聚集了嚮往非日常生活的少年、愛找碴的小混混、跟蹤狂的電波系少女、以情報販子為樂的青年、專接不尋常病患的密醫、迷上魔物的高中生，以及騎著漆黑色機車的「無頭騎士」等奇妙人士，這群奇特的人們便在此地展開了一連串的不可思議的故事。',13,'2016-01-10 00:00:00','http://www.durarara.com/img/top/KV_ketsu.jpg','https://na.cx/i/W0e1u8.jpg',0,0),('dwd','Dance with Devils','','2015au','有些懷古風味的街道·四皇町。住在那裡的立華律香，是就讀四皇學園高中二年級的少女。她一面期待著英國留學的哥哥·林多偶爾的聯絡，一面和母親一起度過著平穩的日常。某天，她被學園的學生所憧憬的學生會長·鉤貫雷姆叫了出來，在學生會成員集合的“第三圖書館”與他們展開了不可思議的邂逅。惡魔、吸血鬼、驅魔師。圍繞著“禁斷的魔導書”，各種思緒以她為中心開始轉動—— 是人，還是惡魔？這是，被魔所魅惑、被魔所愛的一位少女的物語。',12,'2015-10-08 00:00:00','http://dwd-anime.com/assets/img/top/main_151118_00.png','https://pbs.twimg.com/profile_images/672008334317248512/VHDhILoQ.jpg',0,0),('dxd_3','惡魔高校 D×D BorN','ハイスクールD×D BorN','2015sp','主角兵藤一誠原本是一個好色的平凡高中生，卻莫名其妙的在第一次的約會當中被真身為墮天使化身的女友殺害？！「你已經轉生變成惡魔了。為我工作吧！」生命垂危之際，被學校的學姊莉雅絲·吉蒙里所拯救，代價則是被實際身分為惡魔的莉雅絲轉生成她的惡魔隨從。為了主人的胸部還有自己的夢想，一誠就此開始了「刺激」與「危險」的新生活！',12,'2015-04-05 00:00:00','http://www.haremking.tv/images/main.jpg','https://pbs.twimg.com/profile_images/613229303497535488/Db8AS0vW_400x400.jpg',0,0),('etotama','干支魂','えとたま','2015sp','在每60年就會舉辦一次「干支神選拔祭（ETM12）」，選出代表十二生肖的「干支神」，而最新一屆選拔會將在日本秋葉原舉行。在這之中，想成為干支神的貓屬干支娘小喵也參與選拔，並因此不請自來地寄住到擁有極佳萌力的天戶嶽家白吃白喝。由此，小喵與一眾干支神的日常戰鬥生活就此展開！',12,'2015-04-05 00:00:00','http://etotama.com/shr/img/home/main_image_char_rebroad.png','https://pbs.twimg.com/profile_images/649082497486028800/2tlT_fmp_400x400.jpg',0,0),('eupho','吹響吧！上低音號','響け！ユーフォニアム','2015sp','帶着期待，主角——久美子——進入北宇治高校。然首日登校入學式中，她聽見的樂器演奏卻並不佳。久美子雖因自身愛好加入了北宇治高中管樂團，但等待她的卻 是曾經的管樂團強校的末路。雖學生大都以「去全國大會」為目標，在顧問瀧昇的指導下從早到晚練習，惟實問題不斷。之後的劇情就是講述這些少年少女們的青春 及糾葛的日常。',13,'2015-04-05 00:00:00','http://tv.anime-eupho.com/img/product/bddvd/07_jk.jpg','https://pbs.twimg.com/profile_images/671963231422832640/FdTwGpeb_400x400.png',0,0),('f-noitamina','全部成為F','すべてがFになる','2015au','真賀田四季博士因十四歲時將父母殺死，從此被禁於上研究所的地下密室，與世隔絕。十五年後，N大教授犀川創平帶著一群研究生到妃真紀島露營。當犀川創平與 女學生西之園萌繪兩人參觀仰慕已久的研究所時，卻意外發現手腳慘遭斬斷並死去多時的真賀田博士！到底兇手的犯案動機與十五年前的案件有沒有聯繫？而真賀田 博士死前的最後遺言「全部成為F」，又想傳遞什麼訊息？',11,'2015-10-09 00:00:00','https://pbs.twimg.com/media/CUuYXgwUEAAGRuG.jpg:large','https://na.cx/i/82t5M8.jpg',0,0),('fafner-exodus','蒼穹之法芙娜 EXODUS 第二期','蒼穹のファフナー EXODUS 第2クール','2015wi;2015au',' 西曆2150年，在4年前的「第一次蒼穹作戰」後，「異界體（Festum）」依然殘酷的摧殘著人類僅存的生活圈。在當時，夏威夷生存圈正遭受異界體攻擊，正當負責守衛及支援基地的人類軍仍頑強扺抗之際，新聯合國總部卻發出了「交戰規定α」，以數枚核彈將基地以及其所在島嶼摧毀，但出現在該處的阿撒謝爾型異界體卻未受太嚴重的傷害。在之後的一年，再次隱匿於世界中的龍宮島出現了「狀況」。過去曾幾度襲撃島嶼的人類軍再次出現，且傳來的救援訊號，而率領部隊的納雷因將軍卻無敵意，並表明希望讓雙方的「希望」見面…… ',26,'2015-02-03 00:00:00','https://upload.wikimedia.org/wikipedia/zh/thumb/4/44/Fafner_poster.jpg/330px-Fafner_poster.jpg','https://pbs.twimg.com/profile_images/655974368741187584/nfS8rl_w.jpg',0,0),('fairytail','妖精的尾巴 ZERØ','FAIRY TAIL ZERØ','2016wi','《妖精的尾巴》漫畫前傳。故事內容講述漫畫中“妖精的尾巴”公會不為人知的過去以及誕生的秘密！而本作的主角則是公會初代會長梅比斯。',13,'2016-01-09 00:00:00','https://pbs.twimg.com/media/CUE8khKUsAACs76.jpg','https://na.cx/i/2985Y1.jpg',0,0),('fsn-ubw','Fate/stay night Unlimited Blade Works','','2014au;2015sp','聖杯是傳說中可實現持有者一切願望的寶物。而為了得到聖杯的儀式就被稱為聖杯戰爭。參加聖杯戰爭的7名由聖杯選出的魔術師被稱為Master，與7名被稱為Servant的使魔訂定契約。他們是由聖杯選擇的七位英靈，被分為七個職階，以使魔的身份被召喚出來。能獲得聖杯的只有一組，這7組人馬各自為了成為最後的那一組而互相殘殺。衛宮切嗣的養子衛宮士郎，偶然地與servant中的劍士Saber訂定契約，被捲入聖杯戰爭當中……',25,'2015-04-05 00:00:00','https://pbs.twimg.com/media/BwSlDyLCAAAuAAf.png:large','http://www.fate-sn.com/music/img/jk-ed02_kikan.jpg',0,0),('gakkougurashi','學園孤島','がっこうぐらし！','2017su','\n由紀乍看之下是名活潑可愛的高中生，就讀巡之丘學園，身為學園生活社的一員，和無時無刻都帶著圓鍬的胡桃，以及精明能幹的社長悠里還有顧問老師佐倉慈（通稱慈姊），一起度過幫園藝社種菜，或是快樂做料理的每一天。\n',12,'2017-07-10 00:00:00','http://p2.bahamut.com.tw/B/2KU/89/0001196289.JPG','http://i2.hdslb.com/sp/27/278a8a44e01e3a9d3353a895db07cef2.jpg',6,0),('galko','百無禁忌！女高中生私房話','おしえて！ギャル子ちゃん','2016wi','本片三大女主角：辣妹子（ギャル子）有著魔鬼身材而且又是辣妹裝扮，雖然給人愛玩、私生活複雜的印象，但其實有一顆認真純情、情感細膩的內心。左右邊分別是好朋友宅子（オタ子）、大小姐（お嬢），他們倆人的形象就跟名字相同。故事每每利用他們三人（目前加入更多角色）的日常對話，來告訴大家關於高中女生常在意的生活、生理、友情、戀愛觀等親密話題，而且時常都有令人意外的展開與解答，讓男生也能順便長知識唷！',13,'2016-01-08 00:00:00','https://pbs.twimg.com/media/CXFJJutUEAAhzcr.jpg:large','https://na.cx/i/Z90MRZ.jpg',0,0),('gate_2','GATE奇幻自衛隊 炎龍篇','GATE 自衛隊 彼の地にて、斯く戦えり 炎龍編','2016wi','8 月某日，東京，本應是和平常沒什麼兩樣的一天。東京·銀座忽然出現了通往異世界的「門（Gate）」。',13,'2016-01-09 00:00:00','http://images.animeultima.co/images/upload/180150.jpg','http://www.gate-anime.com/music/images/op_normal.jpg',0,0),('gate_fantasy','GATE 奇幻自衛隊','','2015su','8 月某日，東京，本應是和平常沒什麼兩樣的一天。東京·銀座忽然出現了通往異世界的「門（Gate）」。將從門中蜂擁而出的怪物軍勢擊退的陸上自衛隊，進入了門另一側的「特地」，開始了與當地住民的接觸。\n　　統率第三偵察隊的宅男自衛官·伊丹二等陸尉，在探索「特地」途中遭遇了巨大炎龍襲擊集落的場面。他經由救助倖存的精靈族美少女，加深著與異世界住民的交流——。通過與怪物的戰鬥以及與當地住民的交流，伊丹將如何面對異世界？超大規模的娛樂幻想劇之門（Gate），現在打開了！',12,'2015-07-04 00:00:00','http://img1.ak.crunchyroll.com/i/spire4/85a5d8cc2972ae422158be7069076be41435868848_full.png','http://i0.hdslb.com/sp/c2/c25f9a322ad1f34c0b09949c306570b0.jpg',0,5.75),('gintama','銀魂','','2006sp;2011sp;2015sp','江戶時代末期（本作的20多年前），被稱為「天人」（あまんと）的謎之外星人來襲，人類與天人之間的戰爭瞬即爆發，為數眾多的武士和攘夷派志士均參與戰鬥。幕府見識到天人強大的實力後，立刻低頭，放棄武士不管，並與天人簽訂不平等條約，准許他們入國。之後「廢刀令」頒發，使武士們已經忘記怎樣去貫徹自己的武士道。自此，幕府為天人所控制，形成「傀儡政權」，造成權利的腐敗，幫派和惡徒也因而肆意猖狂。在這樣的時代，一個仍舊保留著武士之魂的男人坂田銀時與同伴志村新八、神樂經營著萬事屋（什麼工作都接），愉快地過著異想天開的生活。',0,'2015-04-05 00:00:00','http://i.imgur.com/Tq2XhGh.jpg','https://pbs.twimg.com/profile_images/546562815436144640/uQ5fRDfj_400x400.jpeg',0,0),('gochiusa2','請問您今天要來點兔子嗎？？','ご注文はうさぎですか？？','2015au','故事發生在一個以木造房屋與石板路為特色的小鎮。來到小鎮就讀高中的心愛，在尋找預定的寄宿家庭的時偶然進入了一間名為Rabbit House的咖啡店，遇到嬌小的少女智乃以及毛茸茸的安哥拉兔提比，詢問之下發現這就是她要寄宿的家庭。心愛的高中規定必須在寄宿家庭工作，因此心愛成為 了Rabbit House的店員。心愛將智乃視為自己的妹妹一樣疼愛。與心愛同在Rabbit House打工的理世出身自軍人世家，有軍人氣質，身邊總是帶着模型槍。心愛的同學千夜家中經營名為甘兔庵的和風咖啡店，千夜帶有日式氣息，喜歡幫新研發 的和菓子取名字。心愛一行人在小鎮的店家挑選杯子時遇到了優等生紗路，她是理世小一屆的學妹，害羞又彆扭的她，不管做甚麼事情都帶有大小姐的氣質，但卻住 在破破舊舊的家。以五名少女為中心的日常輕喜劇就此展開。',12,'2015-10-10 00:00:00','https://na.cx/i/hg134m.jpg','https://pbs.twimg.com/profile_images/681127729861758977/9XNiiXsT.jpg',0,0),('godeater','噬神者','','2015su','2071 年，極東，這裡是荒神統治的領域。2050 年代初，突然出現的未知生命體「神諭細胞」開始捕食地球上的各種對象。將一切吞食殆盡，身為凶暴的生命體完成了多樣變化的這一存在，不知何時開始被人們心懷畏懼地稱作「荒神」。現有的兵器在荒神面前毫無效果，都市文明崩壞，人類的生命圈逐漸被奪走。\n\n　　此時，一線光明照向人類。埋入神諭細胞的生體兵器「神機」被開發出來，操縱它們的特殊部隊，通稱「噬神者」也被編成。凶暴的諸神肆虐的世界中，「吞噬神之人」的無望之戰揭開帷幕——。',12,'2015-07-05 00:00:00','http://anime.godeater.jp/blog/wp-content/themes/anime-godeater/images/top/bgPhoto.jpg','http://i2.hdslb.com/sp/d5/d555554da98ce69c46e0c1568e108a01.jpg',0,3.56154),('grimgar','灰與幻想的格林姆迦爾','灰と幻想のグリムガル','2016wi','我們為什麼要這麼做……？哈爾希洛回過神來，才發現自己身處在黑暗當中，他完全不知道自己人在何處，也不明白這個地方是哪裡。他的身邊有一群和他一樣失去記憶，只記得自己名字的男女；而離開了地底後，等待著眾人的是一個「宛如遊戲」的世界。為求生存，哈爾希洛與自己有著相同境遇的夥伴們組成隊伍、學習技能，以義勇兵見習者的身分踏入了這個世界--「格林姆迦爾」。沒有人知道未來會遇見什麼……這一切，就是從灰燼之中所誕生的冒險譚。',13,'2016-01-11 00:00:00','https://pbs.twimg.com/media/CXTQvEzW8AAQJ-t.jpg:large','https://na.cx/i/n8Do61.jpg',0,0),('grisaia','灰色的樂園','グリザイアの樂園','2015sp','承接前作2012年2月24日發售的《灰色的迷宮》主劇本「隨心之卵」（カプリスの卵），敘述主角風見雄二在被西斯·奧斯羅「抓住」之後的故事。',10,'2015-04-05 00:00:00','http://www.grisaia-anime.com/core_sys/images/main/top/main_img.png','https://pbs.twimg.com/profile_images/676703188913811456/hg_Wc6MN_400x400.jpg',0,0),('gundam-tekketsu','機動戰士高達 鐵血的孤兒','機動戦士ガンダム 鉄血のオルフェンズ','2015au;2016wi','主角三日月·奧格斯，是一間私人保安公司「克里斯警衛保安公司」（簡稱：CGS）的成員。在一次護衛古荻利亞的任務中，他和同伴遭受加拉爾號角襲擊。 CGS的大人打算利用三日月等小孩作誘餌，偷偷撤退。一眾少年的領袖澳加·伊祖卡，便趁機向過往欺凌他們的大人揭竿起義。他請求情如兄弟的三日月，擊退加 拉爾號角。就在此時，三日月啟動了以往在災難戰爭中使用過，而目前作為CGS能源爐的機動戰士「高達巴巴托司」。該機體長期以來藏在基地地底，當成電力來 源，無人知曉它所蘊藏的毀滅力量。就此，故事揭開序幕……',25,'2015-10-04 00:00:00','https://na.cx/i/Cj89ba.jpg','https://na.cx/i/Q5H497.jpg',0,3.4),('gunslinger','雙槍激鬥','ガンスリンガー ストラトス','2015sp','22世紀。在過去曾有着被稱為「日本」的國家存在的列島，現在被稱作「第十七極東帝都管理區」，是一個透過束縛來換取安定生活的世界，所有人都相信如此安樂的日子會一直持續下去。然而，無人知曉的大危機卻悄悄襲擊了這個社會。一種名為「Degration」的疾病逐漸蔓延。「Degration」是一種會使活着的人如同沙子般消滅的罕見疾病，實際上是這個世界正慢慢地被侵蝕。而普通的學生「風澄徹」被捲入了另一個世界「Frontier S」的鬥爭，與「另一個世界的他」互相對決。',13,'2015-04-05 00:00:00','http://www.guns-project.jp/assets/fig/top/kv_bd01.png','https://pbs.twimg.com/profile_images/542295052509126656/43Wc7i_9_400x400.png',0,0),('gurren-lagann','天元突破 紅蓮螺巖','天元突破グレンラガン','2007sp','《天元突破紅蓮螺岩》的舞台架設在架空的未來世界，不知天空為何物的少年西蒙在開墾村莊時，偶然挖掘到一塊閃耀著神秘光芒的晶體。在那之後，巨大的機器人從天井中衝入，對村莊進行大肆地破壞，西蒙與大哥卡米那以及從地面來的少女陽子一起，與巨大的機器人展開了殊死的戰鬥……',27,'2007-04-01 00:00:00','http://3.blog.xuite.net/3/2/b/3/11850051/blog_37743/txt/14533838/0.jpg',NULL,10,1.7),('hackadoll','Hackadoll','ハッカドール THE あにめ～しょん','2015au','在這過渡資訊化的社會裏，人們往往會陷入情報的汪洋，找不到需要的情報。這個問題幾乎是不可能解決的，因此科學家們都放棄了努力的嘗試。但是有一個年輕的科學家想要去挑戰這個幾乎不可能實現的難題，並製作了一個小型機器人，這就是「HACKA DOLL」。',13,'2015-10-02 00:00:00','https://na.cx/i/7r8280.jpg','https://pbs.twimg.com/profile_images/665173976889454592/q8Qbx2fL_400x400.jpg',0,0),('haikyu2','排球少年!! 第2期','ハイキュー!! セカンドシーズン','2015au;2016wi','小時候，日向翔陽從電視上看見排球比賽，烏野高中的一名小個子在球場上的英姿，簡直就是個「小巨人」，對此非常深刻，並開始迷上排球，一直想成為「小巨 人」一樣的人。初中時排球社不夠人數，只好默默等待。後來在新成員和友人的協助下，參與了初中首次也是唯一的比賽，卻不幸與最強的隊伍「北川第一中學」對 決而落敗。翔陽為了能夠打出「勝利」的比賽，成為站在球場上最長時間的人，實現成為「小巨人」的排球夢想，決定考入烏野高中，卻遇上發誓要打倒的北川第一 中學的影山飛雄？兩人在烏野高中互相競爭下，到底能在球場發生什麼火花呢？',25,'2015-10-04 00:00:00','https://na.cx/i/6q3w96.jpg','https://pbs.twimg.com/profile_images/378800000546847069/e3a46cb0068403abfd997c3400b394a8_400x400.jpeg',0,1.3),('hakone-chan','溫泉幼精小箱根','温泉幼精ハコネちゃん','2015au','降臨到溫泉街的溫泉精靈「箱根」，由於經過漫長沉睡、令她的外表變成幼女一般。碰巧遇見箱根降臨的高中生「冬哉」，在不知不覺間演變成必須幫助她恢復原本力量的情況，並被她使得團團轉的輕鬆喜劇。',13,'2015-10-04 00:00:00','https://fbcdn-sphotos-a-a.akamaihd.net/hphotos-ak-xaf1/v/t1.0-9/10985107_879271025477997_4701652761604647096_n.png?oh=6a7398ca20bcfdf9a65ba9e1f8e59f69&oe=570567A4&__gda__=1461132565_b301c04f224de28e8156dfba3a429bc5','https://pbs.twimg.com/profile_images/616031770660597760/ufDbd3y_.png',0,0),('haruchika','春太與千夏～春太與千夏共度青春～','ハルチカ～ハルタとチカは青春する～','2016wi','殘念系美少年上條春太，和青梅竹馬（自稱）走上淑女之路的穗村千夏，兩人立志和心儀的對象一同踏進管弦樂聖殿「普門館」，但第一個難關是社團人手短缺，他們須網羅潛伏在校園中的音樂奇才，宛如神奇寶貝大師一般，從傳說的「黑名單十傑」，到潛進學校的國中生都成獵捕的對象。兩人威脅利誘各路好手入社，不過攻略角色可沒這麼容易，春夏兩人不得不努力提升好感度。解開他們錯綜複誰的心結一一「推理」於焉展開，在校園生活中譜出光怪陸離的連篇新樂章。',13,'2016-01-07 00:00:00','https://pbs.twimg.com/media/CV2P_2AUwAAFQ-J.jpg:large','https://na.cx/i/X6sc9n.jpg',0,0),('heavyobject','重裝武器','ヘヴィーオブジェクト','2015au;2016wi','充滿戰爭的未來，重複又重複的殺戮中，存在著一架架超大型兵器OBJECT。以設計OBJECT為理想的學生庫溫瑟以派遣留學生的身份親自到戰場去，在那裡和OBJECT的操縱者ELITE公主殿下相遇，並且在一次作戰後，與夥伴賀維亞一同以士兵的身份對抗超大型兵器OBJECT。',24,'2015-10-03 00:00:00','http://heavyobject.net/core_sys/images/contents/00000029/base/l2.jpg','https://pbs.twimg.com/profile_images/628951710040391681/cVGAy32S_400x400.png',0,0),('hstar-mu','高校星歌劇','スタミュ','2015au','“放棄夢想的方法，我不知道——” 追逐著憧憬的高中生，進入音樂藝能界的名門·綾薙學園的星谷悠太。學園中存在著作為全體新生目標的花形學科“音樂學科”，其中由成績頂尖的三年生構成的組織“華櫻會”更是君臨學園的頂點。為了進入音樂學科，被“華櫻會”的成員看中，並進入接受其直接指導的特別門路，通稱“星路”是最好的捷徑，但……。雖然有著優秀的才能，卻因為各自的問題而陷入從音樂學科的候補生中落選的危險境地的那雪、月皇、天花寺、空閒，以及完全是新人的星谷。這樣的五人受到了“華櫻會”的怪人以及天才·鳳的注意……！ ？青春的喧鬧音樂物語開幕！',12,'2015-10-06 00:00:00','http://hstar-mu.com/sp/core_sys/images/main/news/news1113aa.jpg','https://na.cx/i/z7c19R.png',0,0),('illya-2herz','魔法少女☆伊莉雅 2wei Herz！','Fate/kaleid liner プリズマ☆イリヤ ツヴァイ ヘルツ！','2015su','\n某天夜裡突然從浴室的窗口飛來了一隻魔杖，在它的花言巧語之下 伊莉亞 被騙與而成為了魔法少女，甚至進一步的被魔杖的前主人強迫搜集「階集卡片」！過程雖然遇到了敵手（？）的 美遊 但也順利的和她成為了好友，就這樣好不容易找到七張卡片以為能回到平靜生活，沒想到數週之後居然出現新的任務要 伊莉亞 與美遊 來執行，而一切是否將會引出一場全新的事件！？\n',10,'2015-07-25 00:00:00','http://www.mxtv.co.jp/bangumilist2/11811_webreco.jpg','http://i0.hdslb.com/sp/ca/ca02e1d1f36811326b00ad012ed5a27d.jpg',0,1.8),('ittoshura','落第騎士英雄譚','落第騎士の英雄譚','2015au','《落第騎士英雄譚》講述以成為「魔法騎士」為目標的黑鐵一輝，卻因缺乏魔法才能而被戲稱為「落第騎士」。無意之中，他與最強排名的美少女史黛拉相遇，一輝「最弱」的學園生活就此改變。',12,'2015-10-03 00:00:00','https://pbs.twimg.com/media/CXUAJVxU0AA8atN.jpg:large','https://pbs.twimg.com/profile_images/575213413388824576/d0zd7SgX_400x400.jpeg',0,0),('k-pandora','紅殼的潘多拉','紅殻のパンドラ','2016wi','主人公是一位除了腦部以外全身都進行了義體化（機械化）的少女。再前往叔母住的島的旅途上，少女遇見了充滿了謎團的二人組，而當到達目的地之時，島上隨即發生的大事件竟然是與這二人有著密切的關係...。',13,'2016-01-09 00:00:00','http://www.k-pandora.com/img/comics07.jpg','https://na.cx/i/8O02D5.jpg',0,0),('K2','K   RETURN OF KINGS','','2015au','本作的舞臺設立在與現實有著微妙歷史差異的現代日本，作品主要描繪七位「王」各自的執著，以及被捲入其中的少年的命運與異能者之間戰鬥。「赤之王」周防尊率領的吠舞羅與「青之王」宗像禮司率領的Scepter4，因追趕某事件的嫌疑人——暱稱為小白的少年伊佐那社而互相對立。但他對這事件一點記憶也沒有，什麼都不知道的小白逃避著來自兩個集團的追趕。而出現在此情況的小白面前的是，繼承已逝的「無色之王」之遺志，身著黑服的高挑長髮少年——夜刀神狗朗。與他的邂逅，小白的命運開始加速——',13,'2015-10-03 00:00:00','https://na.cx/i/79nR5O.jpg','https://na.cx/i/kABV85.jpg',0,0),('kagewani','影鰐-KAGEWANI-','','2015au','作品講述了神秘的怪獸突然出現在現代並襲擊人類，而人類只能被它們恣意翻弄，為了查明真相，科學家番場宗介以“影鱷”這一關鍵字開始了追尋……',13,'2015-10-02 00:00:00','http://kagewani.com/img/dvd_package_a.jpg','https://pbs.twimg.com/profile_images/675316394880274432/syFHgYjo.jpg',0,0),('kekkaisensen','血界戰線','血界戦線','2015sp','紐約一晚便消失無蹤，取而代之的是異界與人界連接點「赫爾沙雷姆茲·羅特」，秘密結社萊布拉為了世界平衡和守護正常秩序而出動。',12,'2015-04-05 00:00:00','http://i.imgur.com/HxePVrl.jpg','https://pbs.twimg.com/profile_images/529458669004419072/ZqFIDAsj_400x400.jpeg',0,0),('kinmosa','HELLO！黃金拼圖','ハロー！！きんいろモザイク','2015sp','大宮忍小時候曾經在英國的寄宿家庭中短暫居住，升上高中後某日，收到了一封外國信件。信件寄件者是當時忍在英國認識的少女愛麗絲，信中表示這次換她要來日本留學。愛麗絲與忍、同班同學綾與陽子、再加上另一名來自英國的少女——九條可憐加入，圍繞着五位少女展開的愉快又熱鬧的校園生活就此開始了',12,'2015-04-05 00:00:00','https://na.cx/i/q9B25J.jpg','https://pbs.twimg.com/profile_images/490150414629613569/4CvcUKnM_400x400.jpeg',0,0),('komugir','魔法護士小麥R','ナースウィッチ小麦ちゃんR','2016wi','與地球不同次元，名為“疫苗界”的地方是個和平穩定、四季如春的世界。某天封印在那裡的病毒大王“暗魔”跑了出來往地球的方向逃亡正為此事煩惱的疫苗界女神“瑪雅”命令見習守護獸“麥丸”去抓暗魔及暗魔所生出來的病毒回來。於是在對於其他次元的事完全無知的地球中，出現了一個不怎麼有名的新人角色扮演偶像─中原小麥。她今天剛好在池袋一個會場工作，而奉命追逐病毒卻反而被攻擊受傷的麥丸突然從空中掉下來，被小麥抱住的麥丸因為感受到她愛的力量，於是將魔法手杖交給小麥，說明了一切事情原委。雖然小麥對這件突如其來的事情感到困惑，但是由於她沒大腦且對於有困難的人無法見死不救的個性，於是便一口氣答應下來…。於是…小麥除了擔任魔法少女之外，還要從事偶像的工作，而學校也不能不去，小麥於是便成了一個大忙人。話說回來，她能夠用愛的魔法拯救地球嗎？',13,'2016-01-01 00:00:00','https://pbs.twimg.com/media/CUPlIwnUsAAqksj.jpg:large','http://www.ntv.co.jp/komugir/images/character/face_komugi_01.png',0,0.6),('konosuba','為美好的世界獻上祝福！','この素晴らしい世界に祝福を！','2016wi','喜愛遊戲的家裡蹲少年佐藤和真的人生突然閉幕……原本應該是如此，但是當他醒過來時，眼前出現一名自稱女神的美少女。「你要不要去異世界？ 可以帶一樣喜歡的東西過去喔。」「那就選妳吧。」轉生到異世界的和真就此展開大冒險……還以為是這樣，真相卻是為了滿足食衣住而努力工作！原本只想安穩度 日的和真，卻因為帶去的女神接二連三引發問題，甚至被魔王軍盯上了？！',13,'2016-01-01 00:00:00','http://konosuba.com/news/img/20151125.jpg','https://na.cx/i/nj892B.jpg',0,0.5),('koyomimonogatari','暦物語','曆物語','2016wi','以與吸血鬼相遇並高中開學到大學入學試為止的12個月間，以曆為中心的短篇故事集',13,'2016-01-01 00:00:00','https://pbs.twimg.com/media/CWo-d7hU4AAqImn.jpg:small','http://www.monogatari-series.com/koyomimonogatari/assets/img/top/download/img_icon.png',0,0.6),('kyojinchu','進擊！巨人中學校','進擊！巨人中学校','2015au','《進擊！巨人中學校》作為外傳作品，跳脫巨人的故事架構，套入許多作品經典台詞及橋段，以鮮明有趣的校園喜劇呈現故事劇情。故事描述，艾連跟米卡莎等人全 都到了升上國中的年紀。他們就讀的是進撃中學。這所中學分成巨人部跟人類部兩大部分，而艾連他因為５年前發生的事情讓他耿耿於懷，一直伺機要對巨人報復。 他後來在自我介紹時說出了那段被巨人吃掉起司漢堡的往事，使得他成了全校的知名人物，大家都叫他「起漢」。他們在學校將會發生什麼趣事，跟巨人的恩怨又該 如何了斷？',12,'2015-10-04 00:00:00','https://na.cx/i/9009K5.jpg','https://pbs.twimg.com/profile_images/676937311930699777/lLeYIuB-.jpg',0,0),('lanceandmasques','Lance N\' Masques','ランス・アンド・マスクス','2015au','21世紀唯一殘存的騎士組織「現世騎士團」的花房葉太郎戴著面具隱藏身份、扮作謎之騎士Knight Lancer的戰鬥。',12,'2015-10-02 00:00:00','http://ponicanbooks.s3-website-ap-northeast-1.amazonaws.com/wp-content/uploads/2013/11/cover04.jpg','https://na.cx/i/8zK7W8.png',0,0),('luckandlogic','Luck & Logic','ラクエンロジック','2016wi','故事講述了在LC922年，人們正在面對空前的危機。在神話世界的百年戰爭終結後，敗下陣來的魔神們為了在地上尋求新的安居之處，向人類世界襲來。背負著守護街區宿命的警察特殊機關ALCA，旗下年輕的定理者們被強制與擁有特殊能力的異世界女神們合體，進而投身戰場之中。',13,'2016-01-09 00:00:00','https://pbs.twimg.com/media/CUBQ1V6UYAA1jyH.png:large','https://na.cx/i/og9009.jpg',0,0),('lupin2015','魯邦三世','ルパン三世','2015au;2016wi','國際刑警的錢形幸一警部收到了魯邦三世從聖馬利諾共和國發來的婚禮邀請函，不過結婚對象不是峰不二子，而是一位叫麗貝卡·羅塞里尼的聖馬利諾女財閥，身兼時尚模特、女演員等多個職務，她還以「八卦女王」的身份與許多名人有過艷聞。身世背景和不二子一樣是個謎……',24,'2015-10-02 00:00:00','https://na.cx/i/797G52.jpg','https://na.cx/i/0bRF3P.png',0,0),('madoka','魔法少女小圓','魔法少女まどか★マギカ','2011wi','\n魔法少女小圓的故事，是圍繞著五位魔法少女的成長與冒險展開。\n出生於良好家庭，親朋好友團聚，有哭有笑，是誰都擁有的日常生活。就讀市立見瀧原中學二年級的少女「鹿目圓」，和其他的國中女生一樣，過著平凡幸福的日常生活。突然有一天，一名神秘的轉學生「曉美焰」的出現，讓圓的命運開始改變。',12,'2011-01-07 00:00:00','http://p2.bahamut.com.tw/B/2KU/32/0000547532.JPG','http://i1.hdslb.com/sp/f6/f676505ec9ea923fdcbf0721953e5f57_m.jpg',10,10),('mikaguragakuen','御神樂學園組曲','ミカグラ学園組曲','2015sp','一宮繪瑠奈在國中時期過着單純的御宅生活。在親人與表哥二宮時雨的說服下開始挑選想要就讀的高中，挑選條件毫無疑問是「可愛的制服」。最終挑選的結果是私立御神樂學園，雖然原本因為「二宮就讀」而在最初就剔除，不過一宮在招生指南上看到御神樂星鎖穿着制服的模樣後馬上就回心轉意。不過，開學當天對今後生活心情激動的一宮，卻在新生歡迎會上見到學長姐們暴走的身影。而且，這所學校裏存在着「一個月內未參加任何社團活動的人將被強制退學」這樣的校規。一宮能在學園中度過理想中的校園生活嗎？',12,'2015-04-05 00:00:00','http://mikagura-gakuen.com/images/video/001/j_001.jpg','https://pbs.twimg.com/profile_images/569701117232050176/9NGr8ZJL_400x400.png',0,0),('momokuri','小桃小栗 Love Love物語','ももくり','2016wi','描述了高中二年級的栗原雪對後輩桃月心也一見鍾情，下定了從遠處偷拍他的身影了達 100 張的相片就要告白的決心，兩人於是成為了戀人開始交往。雖然有些緩慢，但專心一意朝彼此前進的小桃小栗戀愛物語。',13,'2015-12-25 00:00:00','https://na.cx/i/1H2ed6.jpg','https://na.cx/i/Tdj2gM.jpg',0,0),('monochrome3','黑白小姐  第3期','ミス・モノクローム -The Animation- 3','2015au','想更加出人頭地！為了實現這樣的理想，單色小姐以成為賣座偶像為目標開始活動，儘管天然性格的單色小姐總是給周圍帶來麻煩，但還是每日奔走於偶像業界！',13,'2015-10-02 00:00:00','https://na.cx/i/117X8y.jpg','https://pbs.twimg.com/profile_images/666552240249802752/6WVdo5p1.jpg',0,0),('mouiidesukara','魔法少女什麼的已經夠了啦。','魔法少女なんてもういいですから。','2016wi','這部的主角是一名年輕女孩葉波柚香.柚香很能干,但卻沒什麼朋友.一天,柚香在垃圾場被一個奇怪的生物搭訕.這個奇怪的生物叫米咚,看起來非常的可疑.他告訴柚香\"你有成為魔法少女的素質\".當柚香答應成為魔法少女後,她立刻就變身了,而她的戰斗服竟然是泳裝.',13,'2016-01-11 00:00:00','https://pbs.twimg.com/media/CTgBpFHUcAA0Lqb.png:large','https://pbs.twimg.com/profile_images/664281572791578624/sH8PNUnQ.jpg',0,0),('nanoha-vivid','魔法少女奈葉 ViVid','魔法少女リリカルなのはViVid','2015sp','與魔法少女奈葉系列的其它作品以高町奈葉為主角不同，本作以StrikerS中的奈葉收養的女孩高町薇薇歐為主角。故事發生在JS事件的4年之後的米德切爾達[2]，剛上魔法學校初等科4年級的薇薇歐已經掌握了魔法基本知識，收到了奈葉和菲特·T·哈洛溫送的專用法器「神聖之心」。',12,'2015-04-05 00:00:00','http://nanoha-vivid.tv/img/index/key.jpg','https://pbs.twimg.com/profile_images/577147582385823744/pDeyEecN_400x400.jpeg',0,0),('nisekoi_2','偽戀 第二期','ニセコイ：','2015sp','日本黑道「集英組」第二代的高中生一條樂，雖然暗戀着女同學小野寺小咲，卻為了阻止黑幫鬥爭，而與另一個黑幫大小姐桐崎千棘假裝成一對戀人。而這齣暴走喜劇在加入了「警視總監」的女兒橘萬里花及殺手鶇誠士郎之後，更是一發不可收拾…',12,'2015-04-05 00:00:00','http://www.nisekoi.jp/assets/img/top/slides/main_dvd05.jpg','http://www.nisekoi.jp/assets/img/music/best/img_jk.jpg',0,0),('noragami2','野良神 ARAGOTO','ノラガミ ARAGOTO','2015au','沒有神社供奉、缺少香火的落魄神明夜斗，因居無定所，無所事事，飽餐不定，導致手下的神器紛紛跳槽。懷抱「受萬民景仰」這個偉大理想的他，只好隻身在此岸與彼岸間徘徊，為五塊錢的香油錢（五斗米）折腰，接受上至斬妖除魔，下至修東修西的各類委託。有一日，可愛的女中學生日和在那兒遇到了居無定所、沒有工作、自稱是「神」的夜斗，並開始一同生活着。',13,'2015-10-03 00:00:00','https://na.cx/i/DQrq1P.jpg','https://pbs.twimg.com/profile_images/628944891901448192/art6KEXc.jpg',0,0),('norn9','NORN9 命運九重奏','NORN9 ノルン+ノネット','2016wi','',13,'2016-01-08 00:00:00','https://na.cx/i/932SO0.jpg','https://pbs.twimg.com/profile_images/656060561642270720/5q9E6FxR_400x400.jpg',0,0),('ojimasyu','大叔與棉花糖','おじさんとマシュマロ','2016wi','喜歡棉花糖的大叔·日下，以及喜歡日下的OL·若林。這樣兩個人的稍有不合的戀愛情節今天也在辦公室中上演。',13,'2016-01-08 00:00:00','http://www.dreamcreation.co.jp/ojimasyu/keyvisual.jpg','https://pbs.twimg.com/profile_images/665045789438144513/kHxis_cD.jpg',0,0),('onepunchman','一拳超人','ワンパンマン','2015au','主角埼玉於求職無門時碰到怪人、決定依循兒時成為英雄的夢想而當上「因為我是為興趣而做英雄的人」；苦練了三年、以掉光所有頭髮為代價，化 身成毫無弱點的超級英雄，只需一拳便能輕鬆地擊敗怪獸。然而，他變得如此強大，甚至從災禍中拯救了多個城市，卻竟然無人知曉，一直在一個破爛小鎮當一個無 名英雄，在他意外間收下的徒弟傑諾斯的提議下，埼玉決定申請加入英雄協會，期望獲得更多尊重與認同。',12,'2015-10-05 00:00:00','http://onepunchman-anime.net/img/home/visual_01.png','http://onepunchman-anime.net/img/home/visual_01.png',0,0),('ooyasan','房東思春期','大家さんは思春期！','2016wi','作品描述因為就職的關係而開始獨居生活的前田，在居住的公寓和國中生房東與房客所度過的日常生活。',13,'2016-01-10 00:00:00','http://www.koi-nya.net/img/subidos_posts/2015/12/Ooya-san-wa-shishunki.png','https://pbs.twimg.com/profile_images/666257636921241601/uNv6Tbsj_400x400.png',0,0),('oregairu_2','果然我的青春戀愛喜劇搞錯了。續','やはり俺の青春ラブコメはまちがっている。 続','2015sp','高中生比企谷八幡生性彆扭，不屈服於孤獨，沒有半個朋友，更不用提女朋友。對那些享受着青春的同班同學，他詛咒：「他們都是騙子，通通給我爆炸吧！」——這樣一個傢伙，被導師帶去全校第一美少女雪之下雪乃加入的「侍奉社」。平凡無奇的八幡與美少女的奇妙邂逅，然而，雪乃和八幡個性上的缺陷讓他們無法擦出愛情的火花。這是一則充滿錯誤的青春故事。',13,'2015-04-05 00:00:00','http://ln-news.com/wp/wp-content/uploads/2015/08/72870b189400c0f6928a334547bf81bb1-733x1024.jpg','https://pbs.twimg.com/profile_images/586333922155307008/w001nHpI_400x400.jpg',0,0),('oremonogatari','俺物語！！','','2015sp','剛田猛男是個身材魁梧、個性耿直，受同性愛戴，但受異性反感的高一生，他喜歡的女生全都喜歡上他的帥哥同年玩伴砂川誠。某天，猛男在電車上解救了受變態騷 擾的女高中生大和凜子，隔天帶着謝禮來訪的凜子她的行為讓猛男誤以為凜子對誠抱持好感，並決定要撮合凜子和誠……結果猛男發現愛上凜子的校園戀愛喜劇',24,'2015-04-05 00:00:00','http://i.imgur.com/BawVmrm.jpg','http://i.imgur.com/aVBj2Wy.jpg',0,0),('overlord','OVERLORD','OVERLORD','2015su','\n過去曾一度引起極大話題的網路遊戲「YGGDRASIL」，其原本應該靜靜的迎接停止一切服務的，只是沒想到時間一到卻造成了玩家無法登出！面對突如其來擁有自我意識的 NPC 與公會外那不曾見過的異世界，在現實世界中只是位喜好電玩的青年現在卻變成了有著骷髏外表的最強魔法師「飛鼠」，他將率領公會展開一場前所未有的傳說。',12,'2015-07-07 00:00:00','http://truth.bahamut.com.tw/s01/201503/f5347f2b95e41931f87310731f640dff.JPG','http://i1.hdslb.com/sp/c0/c06555286254ff1fbee21f6b1f443018.jpg',0,0),('owarimonogatari','終物語','','2015au','“你什麼都不記得了呀——阿良良木。你不知道自己是由什麼構成的。” 有著灰暗眼眸的轉校生·忍野扇。她以微笑解開的，阿良良木歷的“起點”究竟是……？高中一年級的那一天，少年品嚐到了絕望—— 這就是現代的怪異！怪異！怪異！ 那是宣告青春終結的黑影。',12,'2015-10-04 00:00:00','http://www.monogatari-series.com/owarimonogatari/package/img/jkt01.jpg','https://na.cx/i/L24J25.jpg',0,0),('phantom-world','無彩限的幻影世界','無彩限のファントム・ワールド','2016wi','二十世紀初，發生了一件基因轉換研究所遭到炸毀的恐怖攻擊，導致特殊病毒外漏。此次事件之後，人類的腦機能異變，人類變得能看見並認識被稱作「Phantom」的幽靈和妖怪。然而在孩子們當中出現了，擁有可以對抗「Phantom」的超能力者......。',13,'2016-01-07 00:00:00','https://upload.wikimedia.org/wikipedia/en/3/3c/Myriad_Colors_Phantom_World.jpg','http://phantom-world.com/special/twitter02/icon/mai1.png',0,0),('pla_memo','可塑性記憶','プラスティック･メモリーズ','2015sp','主角水柿司生活在一個使用機器人已為常態的時代。大學考試落榜後，他在父母利用關係下進入了專門製造並管理仿真機器人「GIFTIA」的大公司「SAI社」工作。而他所被分配到的部門是專門負責將到達使用期限的機器人報廢的「終端服務課」。在那裡，他遇見了不常顯露感情的機器人艾拉，並跟她組成搭檔。',13,'2015-04-05 00:00:00','http://www.plastic-memories.jp/assets/img/package/illust/jk_bd01.jpg','http://www.plastic-memories.jp/assets/img/special/present/icon_isla.png',0,0),('posa','疾走王子','プリンス・オブ・ストライド','2016wi','本作以虛構的極限運動「疾走（Stride/ストライド）」為主題，以六人一組的隊伍，其中一位作為指揮，其馀五人擔任跑者，是以都市街道為比賽舞台的街頭田徑接力賽。起初因為「方南學園疾走社」比賽影片而對此項運動非常著迷的少女「櫻井奈奈」，高中進入方南學園高中就讀後，為了重振即將廢社的疾走社，與疾走社的少年們相遇，跨越障礙以高中疾走競賽的頂點——東日本大會「End of Summer」為目標邁進。',13,'2016-01-06 00:00:00','http://i.imgur.com/CY8ndIE.jpg','http://pos-a.jp/images/special/001/posa_icon_001.png',0,0),('prison-school','監獄學園','監獄学園 プリズンスクール','2015su','\n位於東京都郊外的私立八光學園，原先是一所女子高中，而今年理事長改變教育方針，開始招收男學生，首批入學的藤野清志等五位男生將面對1016位女高中生。但在邪念驅使下，五人前去偷窺女浴室，作為懲罰，被管理著學園紀律的「裏學生會」投入了懲罰大樓，他們還會有明日的希望嗎！\n',12,'2015-07-11 00:00:00','http://p2.bahamut.com.tw/M/2KU/52/0001190452.JPG','http://i2.hdslb.com/sp/23/231075f635e01c37cec8e7619ed5163f.jpg',0,0),('pso2','夢幻之星online 2','ファンタシースターオンライン2 THE ANIMATION','2016wi','',13,'2016-01-08 00:00:00','https://pbs.twimg.com/media/CL4L7sbVAAAUtRM.jpg','https://na.cx/i/Mecc21.jpg',0,0),('punchline','Punch Line','パンチライン','2015sp','在公寓「古來館」的所住的少年伊里達遊太被捲入的劫車事件中而導致「靈體脫離」。為了取回原來的身體，需要找到古代印度的聖典《ナンダーラガンダーラ》，並且還要滿足「絕對不可以看到內褲」這一戒律。',12,'2015-04-05 00:00:00','http://i.imgur.com/aWKn88w.jpg','https://pbs.twimg.com/profile_images/586407884080066560/sK1Y02Y-_400x400.jpg',0,0),('rainbow-days','虹色Days','虹色デイズ','2016wi','愛作夢的妄想男孩．夏樹、輕浮又好女色的智也、常常笑臉盈盈，但骨子裡卻是超級Ｓ狂的惠一，還有搞不清楚狀況又活在自己世界裡的宅男．剛。他們總是每天都混在一起過著開心的日子。這四位高中男生將開始每天熱鬧非凡的日常生活！',13,'2016-01-10 00:00:00','http://rainbow-days.tv/src/default/pc/image/index/key_visual_01.jpg','https://pbs.twimg.com/profile_images/653585645688848385/WQszRn1Z_400x400.jpg',0,0),('rakugoshinju','昭和元祿落語心中','昭和元禄落語心中','2016wi','',13,'2016-01-09 00:00:00','https://pbs.twimg.com/media/CXHzX7ZVAAEaOd2.jpg:large','https://pbs.twimg.com/profile_images/671895696753098753/tTFXgxtH.png',0,0),('reikenzan','靈劍山 星塵之宴','霊剣山 星屑たちの宴','2016wi','為了搜尋彗星隕落帶來的命運之子，擁有悠久歷史的靈劍派門下的入門考驗再開。因彗星隕落，末法大劫而降臨的命運之子王陸，懷著千年的超靈根（空靈魂），參與靈劍派的入門考驗。走上一條要成為絕世逗逼仙人的不尋常路..',13,'2016-01-09 00:00:00','https://na.cx/i/PXE9Vv.png','https://pbs.twimg.com/profile_images/674938470926712833/5Tk1nB2q_400x400.jpg',0,0),('rekan','靈感少女','レーカン！','2015sp','轉學生天海響是一個擁有靈感體質的高中女生，故事即是描寫響、幽靈和同學一起度過的日常生活。',13,'2015-04-05 00:00:00','http://pbs.twimg.com/media/CQIccziVEAA2tlH.jpg','https://pbs.twimg.com/profile_images/575964711553880064/sw2B597E_400x400.jpeg',0,0),('rinne','境界之輪迴','境界のRINNE','2015sp','真宮櫻自從幼年時被墮魔死神帶離之後，獲得了能看見幽靈的能力。在學校裏櫻遇到了具有死神血統的同學六道輪迴，隨後真宮櫻和六道輪迴一起引導幽靈至輪迴之輪。',25,'2015-04-05 00:00:00','http://i.imgur.com/02WFE9C.jpg','https://pbs.twimg.com/profile_images/558299652114485248/nl63VUrk_400x400.jpeg',0,0),('rokka','六花的勇者','六花の勇者','2015su','來自黑暗深處的「魔神」覺醒之時，命運之神選出六名勇者，並授予其救世之力。自稱地上最強的亞德雷，被選為六名「六花勇者」之一，為了阻止魔神復活而前往戰場。但，集合在約定地點的勇者不知為何卻有七人。注意到七人中有一人是敵人的勇者們陷入了疑心暗鬼。之後，首先受到懷疑的人就是亞德雷。向傳說挑戰，帶來接連不斷謎團的壓倒性幻想劇&冒險始動！！',0,'2015-07-05 00:00:00','http://truth.bahamut.com.tw/s01/201506/116390ff5401cbab25743ada5873cfce.JPG','http://i1.hdslb.com/sp/6d/6d72d911c77ea38d23f5f9d154f30566.jpg',0,0.8),('saijaku','最弱無敗神裝機龍','最弱無敗の神装機竜','2016wi','滅亡帝國的舊皇子路克斯某天在追趕偷錢包的貓時，無意間掉入了王立士官學園女子宿舍的大浴池，並且撲倒了亞提司瑪特新帝國的公主莉姿夏爾蒂，後來作為懲罰 而與莉姿夏爾蒂展開裝甲機龍決鬥，兩人決鬥時突然出現了幻神獸，因為路克斯展現了強大實力擊倒幻神獸，而受到莉姿夏爾蒂的注意，並要他轉入這間只有女性能 就讀的學校。',13,'2016-01-11 00:00:00','https://pbs.twimg.com/media/CEpQr3HWYAIegvP.jpg:large','https://na.cx/i/tYc3q2.jpg',0,0),('saintseiya-gold','聖鬥士星矢：黃金魂','聖闘士星矢 黄金魂','2015sp','本作與原作「冥王篇」發生於同一時軸，在與哈帝斯的一戰中，為破壞隔絕冥界與極樂凈土的嘆息之牆而本應喪命的12名黃金聖鬥士，出現在TV版「北歐篇」的舞台阿斯格特，展開新的激鬥。',13,'2015-04-05 00:00:00','http://i.imgur.com/Y8Sw5a3.jpg','https://pbs.twimg.com/profile_images/586335945814749184/32tzpB2p_400x400.png',0,0),('sakurakosan','櫻子小姐的腳下埋著屍體','櫻子さんの足下には死体が埋まっている','2015au','在北海道旭川，美人大小姐九條櫻子住在一棟復古宅邸裡，但她卻有著難以理解的嗜好，她竟是個“比起三餐更愛骨頭”的人，除了是身為組立骨頭的標本士以外，她也負責解開殺人事件，並充任驗屍官之職。只要有“死亡”，她就往哪兒跑。家住附近的平凡高中生館脅正太郎是櫻子小姐的好朋友，雖然知道櫻子小姐個性古怪，但還是為她所著迷，跟著她到處跑，結果碰上了不少和屍體有關的事件。',12,'2015-10-08 00:00:00','http://sakurakosan.jp/img/index/mainvisual.jpg','https://pbs.twimg.com/profile_images/637192209243070464/KodMfBuG_400x400.jpg',0,0),('sb69','SHOW BY ROCK!!','ショウ・バイ・ロック!!','2015sp','一如往常的玩著音樂遊戲「SHOW BY ROCK!!」平凡有點害羞的少女，她在使用了不可思議道具之後的瞬間突然進到了遊戲的世界，就在不明就裡的情況下她成為了女子樂團「Plasmagica」的一員並與同伴一起出道，到底她被送到遊戲世界的理由是？',12,'2015-04-05 00:00:00','http://showbyrock-anime.com/wp/wp-content/uploads/2015/06/sbr2bd_index_pcxe50542-725x1024.jpg','https://pbs.twimg.com/profile_images/508872736932786176/8UXlMbFk_400x400.png',0,0),('schwarzesmarken','Schwarzes marken 死亡黑標','シュヴァルツェスマーケン','2016wi','故事將從2001年起回溯到18年前。 1978年帕萊奧洛格斯作戰慘敗，次年波蘭陷落。民主德國隨之在1983年成為歐洲防衛的最前線，熾烈的戰火開始蔓延。由於BETA集群的大規模攻勢，“東之盾”的防線陷入了困境。在波蘭撤退戰中被譽為民主德國的頭號戰術機部隊的東德陸軍第666戰術機連“Schwarzes marken（黑色標記）”此刻任然活躍在戰場上，他們受命在一次防衛戰中以遭到減員的8台MiG-21來執行光線種獵殺任務，以逆轉戰局。面對數目龐大的BETA，暴雪不斷的惡劣天氣，以及國家權力施加在自己的頭上的重壓，被迫在嚴酷的條件下進行作戰，他們的命運將走向何方？',13,'2016-01-11 00:00:00','https://pbs.twimg.com/media/CVi3bcZUsAA8TeY.jpg:large','https://na.cx/i/sN54y1.jpg',0,0),('sekkoboys','石膏男孩','石膏ボーイズ','2016wi','從美大畢業的社會新鮮人“石本美希”，為了逃離美術和相處多年的石膏像，決定以毫不相關的行業為就職對象，因此來到位於東京上野的藝能事務所“HOLBEIN”中工作。正當美希慶幸自己剛到職就被推薦成為新人偶像團體的經紀人時，她卻沒想到自己面對的竟然是由戰神“馬爾斯”、文青“麥地奇”、美男“荷米斯”及聖人“聖喬治”4人（!?）所組成的潮男團體“石膏男孩”，且他們正如團名所示，正好就是美希所厭惡的石膏像……',13,'2016-01-09 00:00:00','https://pbs.twimg.com/media/CVmlEU0VAAAr6Fi.jpg:large','https://pbs.twimg.com/media/CWJ7b8tUwAAT6NQ.png:large',0,0),('seraph','終結的熾天使','終わりのセラフ','2015sp','在不知什麼時候，整個世界被突如其來的未知病毒攻襲，幾乎徹底毀滅。但是只有13歲以下的孩子不被病毒所感染，僥倖活了下來。可是這些孩子們卻被從地底出 現的吸血鬼所統治，並作為提供血液的家畜飼養。故事的主人公——百夜優一郎和百夜米迦爾就是被抓住的孤兒們之一，而面對不堪的命運，他們沒有屈服，開始計劃逃亡與復仇……',12,'2015-04-05 00:00:00','http://owarino-seraph.jp/core_sys/images/contents/00000002/block/00000400/00000518.jpg?1451312057','http://owarino-seraph.jp/core_sys/images/contents/00000004/block/00000215/00000272.png?1451312061',0,0),('seraph2','終結的熾天使 名古屋決戰編','終わりのセラフ名古屋決戦編','2015au','在不知什麼時候，整個世界被突如其來的未知病毒攻襲，幾乎徹底毀滅。但是只有13歲以下的孩子不被病毒所感染，僥倖活了下來。可是這些孩子們卻被從地底出 現的吸血鬼所統治，並作為提供血液的家畜飼養。故事的主人公——百夜優一郎和百夜米迦爾就是被抓住的孤兒們之一，而面對不堪的命運，他們沒有屈服，開始計 劃逃亡與復仇……',12,'2015-10-10 00:00:00','https://na.cx/i/r027zO.jpg','https://pbs.twimg.com/profile_images/539704904374185984/OiSlslIp_400x400.jpeg',0,0),('shimoseka','下流梗不存在的灰暗世界','','2015su','没有下流概念的无聊世界全集故事讲述的是因《共序良俗健全育成法》的成立而使一切色情用语都得到禁止的日本为舞台，进入了国内有名风纪优良学校的主人公奥间，被反社会组织SOX的创设者华城绫女所诱拐，被强迫协力“下流恐怖袭击”的故事',12,'2015-07-05 00:00:00','img/test3.jpg','img/sq_test3.jpg',9,3.79167),('shinmaimaou2','新妹魔王的契約者 BURST','新妹魔王の契約者BURST','2015au','「你曾說過想要妹妹對吧？」向高中生東城刃更宣佈再婚的父親，帶了兩個成為他繼妹的女孩回家同住，結果自己卻跑到國外出差！？澪與萬理亞兩名少女在父親離開以後，態度一百八十度大轉變，還打算征服刃更。想不到兩人的真正身分，分別是新科魔王與夢魔！但是在跟刃更締結主從契約的時候，居然出槌變成逆契約，刃更反而變成主人了！？－－最強契約者的慾望動作小說，登場！',10,'2015-10-10 00:00:00','http://anime-shinmaimaou.com/common/images/bldvd/v01/pkg02.jpg','https://pbs.twimg.com/profile_images/654241488172265472/8s6g9-5U.jpg',0,0),('shokomeza','少女們向荒野進發','少女たちは荒野を目指す','2016wi','',13,'2016-01-08 00:00:00','https://na.cx/i/rF9J97.jpg','https://pbs.twimg.com/profile_images/657372791709106177/WgwJH7zt_400x400.jpg',0,0),('shokugeki','食戟之靈','食戟のソーマ','2015sp','作品的舞台是位於東京內的一所料理名校「遠月學園」，國中畢業之後為了作繼承家業「幸平餐館」的主角幸平創真因 為父親的指示來到這裡，以特別編入生就讀。在畢業率不到百分之十的「遠月學園」裏，來自各地廚藝精銳的年輕人彼此較勁，是互相爭奪料理頂點的戰場。在這料 理便是一切的世界，所有敵人都必須用料理來征服。為了擊敗對手，互相賭上等價的賭注，用料理進行的單對單決鬥，就是遠月的傳統料理對決－「食戟」。',24,'2015-04-05 00:00:00','http://shokugekinosoma.com/core_sys/images/contents/00000024/base/001.jpg?1451374521','http://shokugekinosoma.com/core_sys/images/main/cont/special/t_icon/soma.png',0,0),('sidonia','薛多尼亞騎士 第九行星戰役','シドニアの騎士 第九惑星戦役','2015sp','故事發生於被稱之為奇居子的謎之生命體將太陽系破壞後1000年的世界，航行在宇宙中，持續人類的繁殖與生產的播種船「薛多尼亞」。主角谷風長道作為人型兵器「衛人」的操縱士訓練生，跟夥伴們一起與奇居子戰鬥。',12,'2015-04-05 00:00:00','http://i.imgur.com/QvTLRCK.jpg','http://www.mbs.jp/sidonia/images/c01.jpg',0,0),('soma','食戟之靈','食戟のソーマ','2015sp','\n作品的舞台是位於東京內的一所料理名校「遠月學園」，國中畢業之後為了作繼承家業「幸平餐館」的主角幸平創真因為父親的指示來到這裡，以特別編入生就讀。在「遠月學園」裏，各人會以料理來作單對單的比試對決，以自己的料理來打敗對手，這種對決叫作「食戟」。\n',24,'2015-04-04 00:00:00','http://icdb-images.b0.upaiyun.com/icdb/pics/17732.jpg','http://i1.hdslb.com/sp/73/736833b6dfd3c14bdaf8ee30dee631f5.jpg',0,0.75),('subaru','放學後的昴星團','放課後のプレアデス','2015sp','放課後的學校，喜歡星星的少女昴琉用鑰匙打開了展望室，在有如異空間的地方，邂逅了神秘的少年湊。正在回家下樓梯的昴琉不小心踩到普勒阿得斯星人，被拿走了重要的指南針，在尋找時偶然看見了四個穿着如魔女一樣角色扮演的少女，昴琉在少女們中發現好友（葵）的身影…',12,'2015-04-05 00:00:00','https://pbs.twimg.com/media/CHyxV8dUkAEWKmm.jpg:large','http://i.imgur.com/nPMLizA.jpg',0,0),('syominsample','我被綁架到貴族女校當「庶民樣本」','俺がお嬢様学校に「庶民サンプル」としてゲッツ♥された件','2015au','平凡的高中生神樂坂公人，某一天忽然被綁架到“清華院女子學校”。在那裡都是各個名門的大小姐和她們的專屬女僕。除了父親之外，她們對男性一無所知，同時也完全不了解外界的情況。為了讓她們習慣跟庶民一起生活，因此把公人綁架到學校。之後，公人與因為孤獨一人而相信“親吻庶民就能實現願望”的大小姐天空橋愛佳相遇並認識，知道愛佳的煩惱後，決定與愛佳共組“庶民社”。公人在清華院女子學校的生活就此開始。',12,'2015-10-08 00:00:00','https://pbs.twimg.com/media/CSQRrYoUEAAcKCM.jpg:large','https://pbs.twimg.com/profile_images/614433273121390592/qt3vlthQ.jpg',0,0),('triagex','絕命制裁X','トリアージX','2015sp','十七歲的高中生三神嵐除了高中生的身分之外，暗地裡，也是處決法律無法制裁的犯罪者之秘密組織．黑色標籤的一員。在與前輩成員，也是學校裡的學姊．木場美琴一起進行組織的任務時，嵐的行動卻出現失誤，讓任務出現危急的狀況，最後嵐是否能化險為夷，順利完成任務…!?',10,'2015-04-05 00:00:00','http://i.imgur.com/Le6EbPG.jpg','https://pbs.twimg.com/profile_images/562904189026594816/Qh0fWXnT_400x400.jpeg',0,0),('umaru','干物妹！小埋','','2015su','漫画《干物妹！小埋》动画化的消息在集英社的《周刊Young Jump》2015年第3号的封面上公布，于2015年7月开播。 我的妹妹小埋16岁，完美的妹妹，完美的高中生，但在家里却是个超懒的干物妹。 然而妹妹在家的一切她生活中的朋友并不知道，居住在同一栋楼的天然少女，以及无意间来到我家的冷酷少女，她们会发现小埋的真实面目吗？',12,'2015-07-02 00:00:00','img/test.jpg','img/sq-test.jpg',9,8.47),('utapri_3','歌之王子殿下 真愛革命','うたの☆プリンスさまっ♪マジLOVEレボリューションズ','2015sp','出道後榮獲新人獎「歌王子獎」的ST☆RISH與Shining事務所的前輩偶像組合QUARTET☆NIGHT一起在更廣大的舞台上歌舞表演，積極活動。這次他們將為了爭奪國際運動比賽開場曲的演唱權而全力拚搏。ST☆RISH、QUARTET☆NIGHT和新出道的作曲家七海春歌將迎來怎樣的未來呢？....',13,'2015-04-05 00:00:00','http://utapri.tv/images/sp/top_mainvisual.png','http://www.utapri.com/resource/img/jk/cd/QECB77.jpg',0,0),('utawarerumono2','傳頌之物 虛偽的假面','うたわれるもの 偽りの仮面','2015au;2016wi','不知道自己是誰，失去記憶的主角在下雪的荒野中甦醒。還沒搞清楚狀況的情形下，突然被大型昆蟲襲擊，在關鍵時刻被一名少女「久遠」所救，而讓主角不解的是久遠身上像是獸類的耳朵與尾巴……',25,'2015-10-04 00:00:00','http://utawarerumono.jp/images/top/keyvisual2.jpg','https://na.cx/i/933W72.jpg',0,0),('valkyriedrive','VALKYRIE DRIVE -MERM','','2015au','全世界10至20歲的少女突然感染了一種病毒，在精神興奮時就會變成具有高殺傷力武器，同時還出現了可以加速感染者變身的使用者。少女們結成搭檔，強大的 力量甚至威脅到了世界和平，於是世界各國在海洋中秘密修建了5個人工島，將感染者們隔離於此。而故事就發生在其中一個人工島上。',12,'2015-10-11 00:00:00','https://pbs.twimg.com/media/CXOHp80VAAAO00K.jpg:large','https://na.cx/i/478dVv.jpg',0,0),('yamajo','山田君與7人魔女','山田くんと7人の魔女','2015sp','不良仔和優等生交換身體，令人期待的一天的開始」。 山田龍就讀於私立朱雀高校二年級，是老師同學眼中的問題學生。在一次的意外中，山田和同班同學白石麗摔下樓梯而意外的交換身體，並且展開了一連串的故事……。',12,'2015-04-05 00:00:00','http://i.imgur.com/C6lg7as.jpg','https://pbs.twimg.com/profile_images/479926647177502721/AAc_BCTz_400x400.jpeg',0,0),('yosuga','緣之空','ヨスガノソラ','2010wi','\n因為父母親同時遭遇車禍而過世，頓失雙親依靠的主人公春日野悠與他幾乎長得一模一樣的雙胞胎妹妹春日野穹拒絕了親戚的援助，兄妹兩人來到了這個遠離塵囂、宛如世外桃源一般地純樸小村落－奧木染中。在這看似一成不變的平穩日子中，悠卻慢慢地發現自己的身邊似乎開始產生了一點變化......\n對於穹的戀人愛慕..\n悠要堅守道德倫理還是突破血緣連繫呢?\n',12,'2010-10-04 00:00:00','http://k37.kn3.net/taringa/2/2/5/4/1/6/18/kurosakiichigo5/A83.jpg','null',0,0),('young-black-jack','青年黑傑克','ヤング ブラック・ジャック','2015au','1968年代，以醫學院所推動的廢止實習制運動為開端，社會上發起了大規模的學生運動，在這樣的背景之下，黑傑克（間黑男）的醫學生時代不為人知的過去即將揭露。',12,'2015-10-02 00:00:00','http://columbia.jp/ybj/images/top_main.jpg','https://na.cx/i/Wp2743.jpg',0,0),('yuki-chan','小長門有希的消失','長門有希ちゃんの消失','2015sp','《小長門有希的消失》是基於曾經改編成動畫電影的原作小說第4卷《涼宮春日的消失》的設定及世界觀為基礎。由外傳《小涼宮春日的憂鬱》的作者ぷよ以長門有希為主角及視野從長門進行的另一種可能性發展的外傳漫畫作品。描寫「感情豐富、文靜害羞少女」的長門有希與阿虛的戀愛喜劇故事。',16,'2015-04-05 00:00:00','http://www.yukichan-anime.com/bddvd/images/dvdspl01.jpg','https://na.cx/i/FTbR2z.jpg',0,0),('yuruyuri3','搖曳百合','ゆるゆり さん☆ハイ！','2015au','七森中學「茶道社」廢社後的原茶道社教室，被4個女生佔據了，成為「娛樂社」消耗時間的地方。時而歡笑、時而百合的日常生活就這樣開始了。',12,'2015-10-06 00:00:00','http://yuruyuri.com/3hai/product/img/bd_1_jk.jpg','https://pbs.twimg.com/profile_images/649921251717201920/aXhnSQ8M_400x400.jpg',0,0),('yuyuyu','結城友奈是勇者','','2014au','故事發生在前傳故事《鷲尾須美是勇者》兩年後，神世紀300年。主要講述國中2年級學生結城友奈，天天在學校里過着與很多朋友一同聽課、進行社團活動、玩耍的平穩生活。不管怎麼看這都是非常普通的女孩的生活日程，但是只有一點與其他孩子不同的地方，那就是她所屬的名為「勇者部」的社團活動。以部長犬吠埼風為中心的該社團的活動內容與被謎團包圍的叫做Vertex的不可思議的存在有關係。本作正是以友奈等人的「勇者部」的活動為主線進行相關敘述的。',12,'2014-09-05 00:00:00','img/test2.jpg','img/sq-test2.jpg',6.5,0.333333);
/*!40000 ALTER TABLE `anime` ENABLE KEYS */;
UNLOCK TABLES;

--
-- Dumping data for table `anime_cv`
--

LOCK TABLES `anime_cv` WRITE;
/*!40000 ALTER TABLE `anime_cv` DISABLE KEYS */;
INSERT INTO `anime_cv` VALUES ('charlotte','Asakura_Momo','乙坂步未',4),('charlotte','Mitsushima_Takahiro','高城丈士朗',5),('charlotte','Sakura_Ayane','友利奈緒',2),('charlotte','Uchida_Maaya','西森柚咲/黑羽美砂',3),('charlotte','Uchiyama_Kouki','乙坂有宇',1),('gurren-lagann','Fukui_Yukari','妮亞',4),('gurren-lagann','Hiyama_Nobuyuki','維拉魯',6),('gurren-lagann','Inoue_Marina','陽子',3),('gurren-lagann','Itou_Shitsuka','布塔',5),('gurren-lagann','Kakihara_Tetsuya','西蒙',1),('gurren-lagann','Konishi_Katsuyuki','卡米那',2);
/*!40000 ALTER TABLE `anime_cv` ENABLE KEYS */;
UNLOCK TABLES;

--
-- Dumping data for table `anime_staff`
--

LOCK TABLES `anime_staff` WRITE;
/*!40000 ALTER TABLE `anime_staff` DISABLE KEYS */;
INSERT INTO `anime_staff` VALUES ('gurren-lagann','Imaishi_Hiroyuki','監督',1);
/*!40000 ALTER TABLE `anime_staff` ENABLE KEYS */;
UNLOCK TABLES;

--
-- Dumping data for table `anime_tag`
--

LOCK TABLES `anime_tag` WRITE;
/*!40000 ALTER TABLE `anime_tag` DISABLE KEYS */;
INSERT INTO `anime_tag` VALUES ('activeraid','123',0,'87',0),('activeraid','3456789012345678901',0,'39',0),('aldnoah-zero','老虛',0,'14',0),('ansatsu','123',0,'86',0),('aokana','123',0,'80',0),('aokana','Test',0,'39',0),('arslan','good',0,NULL,0),('arslan','戰爭',0,'4',0),('chaos','7月最爛',3,NULL,0),('chaos','on9',5,NULL,0),('chaos','一集死一個',1,'14',0),('chaos','奇幻',2,NULL,0),('chaos','老虛',2,'4',0),('chaos','魔法戰爭獎',4,NULL,0),('charlotte','',0,'3',1),('charlotte','Anson',0,'78',0),('charlotte','友利 my wifi',2,'39',0),('charlotte','思春期',2,'20',0),('charlotte','新AZ',1,'14',0),('charlotte','飲食節目',1,'36',0),('charlotte','麻枝准番鄉下耕田啦',6,'1',0),('dagashi','111',0,'39',0),('dagashi','1111111111',0,'3',0),('dg','',0,'3',0),('gakkougurashi','治癒',1,'4',0),('gakkougurashi','百合',1,'14',0),('gate_fantasy','f',0,'15',0),('gate_fantasy','i know he is on9',1,'15',0),('gate_fantasy','jimmy is on9',3,'4',0),('gate_fantasy','ssssssssssssssssssf',0,'15',0),('gate_fantasy','tag has bug',0,'15',0),('gate_fantasy','Test Tag',0,'39',0),('godeater','s',2,'15',0),('grimgar','ddddddd',0,'3',0),('gundam-tekketsu','',2,'78',0),('gundam-tekketsu','testing',1,'3',0),('gurren-lagann','',1,'3',1),('gurren-lagann','ass',0,NULL,0),('gurren-lagann','nigga',0,NULL,0),('gurren-lagann','tits',0,NULL,0),('gurren-lagann','機戰',1,NULL,0),('gurren-lagann','熱血',1,'3',0),('gurren-lagann','鑽頭',1,NULL,0),('haikyu2','',0,'3',0),('haikyu2','hahaha',1,'39',0),('illya-2herz','cp',1,'4',0),('illya-2herz','FBI is watching you',3,'1',0),('illya-2herz','百合',0,'14',0),('madoka','治癒',1,'1',0),('madoka','老虛',1,'14',0),('madoka','魔法少女',0,'4',0),('momokuri','1234567890123456789',0,'39',0),('mouiidesukara','',0,'39',0),('mouiidesukara','123  124234',0,'79',0),('overlord','男主是骷髏',0,'4',0),('prison-school','18+',2,'4',0),('prison-school','好想俾花姐打',3,'3',0),('prison-school','色情',1,'14',0),('rokka','偵探劇',1,'4',0),('rokka','嘔吐',1,'14',0),('schwarzesmarken','1',0,'79',0),('shimoseka','搞笑',1,NULL,0),('shimoseka','校園',0,'4',0),('shimoseka','色情',0,'14',0),('soma','tttt',0,'60',0),('soma','春藥之靈',0,'4',0),('umaru','',0,NULL,1),('umaru','andy no exchange',0,'39',0),('umaru','ivan is gay',1,NULL,0),('umaru','jimmy is on9',0,'4',0),('umaru','Put down the bottle of salt',1,'18',0),('umaru','sf',0,'15',0),('umaru','搞笑',22,NULL,0),('umaru','賣萌',1,'4',0),('yosuga','123',1,'26',0),('yosuga','妹控',2,'4',0),('yuyuyu','治癒',1,'4',0);
/*!40000 ALTER TABLE `anime_tag` ENABLE KEYS */;
UNLOCK TABLES;

--
-- Dumping data for table `anime_type`
--

LOCK TABLES `anime_type` WRITE;
/*!40000 ALTER TABLE `anime_type` DISABLE KEYS */;
INSERT INTO `anime_type` VALUES ('umaru','搞笑'),('shimoseka','搞笑'),('umaru','日常');
/*!40000 ALTER TABLE `anime_type` ENABLE KEYS */;
UNLOCK TABLES;

--
-- Dumping data for table `comment`
--

LOCK TABLES `comment` WRITE;
/*!40000 ALTER TABLE `comment` DISABLE KEYS */;
INSERT INTO `comment` VALUES (27,'shimoseka','3','qqwq','I am the bone of my sword\nsteel is my body, and fire is my blood',0,NULL,0),(28,'shimoseka','3','qqwq','下流梗不存在的灰暗世界',0,NULL,0),(29,'shimoseka','3','qqwq','本日は防災の日、万が一に備えて準備をしよう',0,NULL,0),(30,'shimoseka','3','qqwq','掘り出し物\nザクザク\n在庫限りが\n盛りだくさん',0,NULL,0),(31,'shimoseka','3','qqwq','我係肥叉燒，你係白飯。\n我係牙膏，你係牙刷。\nhehe',0,NULL,0),(32,'shimoseka','15','ivanhoe0523','testing',0,NULL,0),(33,'godeater','4','tommy123','1234567',0,NULL,0),(34,'shimoseka','4','tommy123','고든 홍콩 - 모두 컴퓨터 O 홍콩에서 가장 인기있는 뉴스 사이트',0,NULL,0),(35,'godeater','16','김정은','寵寵寵寵寵寵寵寵寵寵寵',0,NULL,0),(36,'gate_fantasy','3','qqwq','hi',0,NULL,0),(37,'godeater','15','ivanhoe0523','abc',0,NULL,0),(38,'godeater','15','ivanhoe0523','also add time/date for each comment la, can\'t figure out the comment sequence',0,NULL,0),(39,'godeater','4','tommy123','added',0,NULL,0),(40,'godeater','4','tommy123','again',0,'2015-09-07 16:01:15',0),(41,'charlotte','4','tommy123','test for datetime',0,'2015-09-07 16:11:46',0),(42,'charlotte','4','tommy123','<p class=\'error\'>fuck u</p>',0,'2015-09-07 16:14:53',0),(43,'charlotte','4','tommy123','update comment set content=\'injection\' where uid=\'4\';',0,'2015-09-07 16:18:33',0),(44,'charlotte','4','tommy123',';update comment set content=\'injection\' where uid=\'4\';',0,'2015-09-07 16:20:39',0),(45,'charlotte','15','ivanhoe0523','good!',0,'2015-09-09 10:08:28',0),(46,'arslan','15','ivanhoe0523','fuck',0,'2015-09-09 11:38:18',0),(47,'umaru','17','bigtits123','hi',0,'2015-09-09 21:53:11',0),(48,'charlotte','17','bigtits123','步未ござるござるござるござるござるござるござるござるござるござるござるござるござるござるござるござるござるござるござるござるござるござるござるござるござるござるござるござるござるござるござるござるござるござるござるござるござるござるござるござるござるござるござるござる',0,'2015-09-09 21:59:13',0),(49,'charlotte','18','TedChow','hi everyone',0,'2015-09-09 22:12:30',0),(50,'umaru','19','うまる','why downvote me ;_;',0,'2015-09-10 10:31:09',0),(51,'charlotte','4','tommy123','刷\n屏\n如\n意\n金\n剛\n棒',0,'2015-09-10 15:01:36',0),(52,'charlotte','4','tommy123','刷\n\n\n屏\n\n\n如\n\n\n意\n\n\n金 \n\n\n剛 \n\n\n棒',0,'2015-09-10 15:02:41',0),(53,'umaru','15','ivanhoe0523','I am gay, FYI :)',0,'2015-09-11 19:45:07',0),(54,'umaru','15','ivanhoe0523','I love ivan',0,'2015-09-11 19:45:49',0),(55,'umaru','15','ivanhoe0523','I love andy',0,'2015-09-11 19:46:11',0),(56,'umaru','18','TedChow','no6 comment test',0,'2015-09-12 16:44:03',0),(57,'umaru','18','TedChow','NO 7',0,'2015-09-12 19:49:46',0),(58,'umaru','18','TedChow','8',0,'2015-09-12 19:49:52',0),(59,'umaru','18','TedChow','9',0,'2015-09-12 19:49:57',0),(60,'umaru','18','TedChow','10',0,'2015-09-12 19:50:02',0),(61,'charlotte','17','bigtits123','http://i.imgur.com/pAk7gI4.gif\nhttp://i.imgur.com/pAk7gI4.gif\nhttp://i.imgur.com/pAk7gI4.gif\nhttp://i.imgur.com/pAk7gI4.gif\nhttp://i.imgur.com/pAk7gI4.gif\nhttp://i.imgur.com/pAk7gI4.gif\nhttp://i.imgur.com/pAk7gI4.gif\nhttp://i.imgur.com/pAk7gI4.gif\nhttp://i.imgur.com/pAk7gI4.gif\nhttp://i.imgur.com/pAk7gI4.gif\nhttp://i.imgur.com/pAk7gI4.gif\nhttp://i.imgur.com/pAk7gI4.gif\nhttp://i.imgur.com/pAk7gI4.gif\nhttp://i.imgur.com/pAk7gI4.gif\nhttp://i.imgur.com/pAk7gI4.gif\nhttp://i.imgur.com/pAk7gI4.gif\nhttp://i.imgur.com/pAk7gI4.gif\nhttp://i.imgur.com/pAk7gI4.gif\nhttp://i.imgur.com/pAk7gI4.gif\nhttp://i.imgur.com/pAk7gI4.gif\nhttp://i.imgur.com/pAk7gI4.gif\nhttp://i.imgur.com/pAk7gI4.gif\nhttp://i.imgur.com/pAk7gI4.gif\nhttp://i.imgur.com/pAk7gI4.gif\nhttp://i.imgur.com/pAk7gI4.gif\nhttp://i.imgur.com/pAk7gI4.gif\nhttp://i.imgur.com/pAk7gI4.gif\nhttp://i.imgur.com/pAk7gI4.gif\nhttp://i.imgur.com/pAk7gI4.gif\nhttp://i.imgur.com/pAk7gI4.gif\nhttp://i.imgur.com/pAk7gI4.gif\nhttp://i.imgur.com/pAk7gI4.gif\nhttp://i.imgur.com/pAk7gI4.gif',0,'2015-09-13 17:56:49',0),(62,'charlotte','20','Simon','Halo XDDDD',0,'2015-09-14 00:21:24',0),(63,'charlotte','20','Simon','Why my recent comment not at the top la~ Sad:\'(',0,'2015-09-14 00:22:29',0),(64,'umaru','1','tommy','11',0,'2015-09-14 17:14:54',0),(65,'umaru','18','TedChow','12',0,'2015-09-15 05:59:26',0),(66,'umaru','18','TedChow','13',0,'2015-09-15 05:59:29',0),(67,'umaru','18','TedChow','14',0,'2015-09-15 05:59:33',0),(68,'umaru','18','TedChow','15',0,'2015-09-15 05:59:37',0),(69,'umaru','18','TedChow','Put down my bottle of salt before going out my office T.T',0,'2015-09-15 10:54:15',0),(70,'gakkougurashi','25','tommy428428','test123',0,'2015-09-18 09:19:06',1),(71,'rokka','25','tommy428428','公主係第7人!!!',0,'2015-09-18 09:29:52',1),(72,'rokka','25','tommy428428','test123',0,'2015-09-18 10:15:21',0),(73,'soma','30','ivanhoe','test',0,'2015-09-19 08:30:34',1),(74,'umaru','36','bigtits0123','負評for殘體字\ntommy仔快d改返佢',0,'2015-09-21 02:35:13',0),(75,'umaru','30','ivanhoe','test2',0,'2015-09-21 14:27:14',0),(76,'godeater','30','ivanhoe','overflow testoverflow testoverflow testoverflow testoverflow testoverflow testoverflow testoverflow testoverflow testoverflow testoverflow testoverflow testoverflow testoverflow testoverflow testoverflow testoverflow testoverflow testoverflow testoverflow testoverflow testoverflow testoverflow testoverflow testoverflow testoverflow testoverflow testoverflow testoverflow testoverflow test',0,'2015-09-21 14:27:30',0),(77,'arslan','25','tommy428428','聽日又要返工喇!!!!!!!!!!好拎不安呀!!!!!!!!!!!!!!!',0,'2015-09-22 02:59:55',0),(78,'umaru','25','tommy428428','I love 殘體字\nI love China\nI love 習總',0,'2015-09-22 03:34:46',0),(79,'charlotte',NULL,NULL,'',0,'2015-09-22 06:08:10',0),(80,'umaru','27','MrTingYa','Ivanhole today should need to OT :O',0,'2015-09-22 07:23:07',1),(81,'overlord','30','ivanhoe','aa',0,'2015-09-22 08:42:50',0),(86,'umaru','27','MrTingYa','input from web page',0,'2015-09-22 09:02:25',0),(87,'umaru','27','MrTingYa','tset',0,'2015-09-22 17:06:08',0),(88,'umaru','27','MrTingYa','test again',0,'2015-09-22 17:11:31',0),(89,'arslan','39','lhy634','TimeZone Test',0,'2015-09-23 10:27:56',0),(90,'arslan','30','ivanhoe','hi',0,'2015-09-23 10:30:28',0),(91,'soma','60','12345','haha',0,'2015-09-23 10:59:06',0),(92,'soma','60','12345','haha',0,'2015-09-23 10:59:06',0),(93,'soma','60','12345','h',0,'2015-09-23 10:59:18',0),(94,'umaru','36','bigtits0123','umaru!',0,'2015-09-23 11:29:59',0),(95,'charlotte','39','lhy634','Reply',0,'2015-09-23 20:10:52',0),(96,'charlotte','39','lhy634','イワンはゲイです',0,'2015-09-23 20:50:42',0),(97,'charlotte','39','lhy634','इवान समलैंगिक है',0,'2015-09-23 20:50:57',0),(98,'charlotte','39','lhy634','Иван гей',0,'2015-09-23 20:51:09',0),(99,'charlotte','39','lhy634','อีวานเป็นเกย์',0,'2015-09-23 20:51:26',0),(100,'charlotte','39','lhy634','Іван гей',0,'2015-09-23 20:51:36',0),(101,'charlotte','39','lhy634','이반 게이',0,'2015-09-23 20:51:54',0),(102,'charlotte','39','lhy634','ఇవాన్ గే',0,'2015-09-23 20:52:10',0),(103,'charlotte','39','lhy634','Иван гей байна',0,'2015-09-23 20:52:44',0),(104,'charlotte','39','lhy634','இவான் கே',0,'2015-09-23 20:53:06',0),(105,'charlotte','39','lhy634','איוון הוא הומו',0,'2015-09-23 20:53:23',0),(106,'charlotte','39','lhy634','ইভান সমকামীকে',0,'2015-09-23 20:53:44',0),(107,'charlotte','39','lhy634','إيفان هو مثلي الجنس',0,'2015-09-23 20:54:06',0),(108,'umaru','27','MrTingYa','never gonna give you up',0,'2015-09-23 21:54:08',1),(109,'umaru','39','lhy634','test',0,'2015-09-24 10:53:51',0),(110,'umaru','73','NoTableSaltTedChow','test',0,'2015-09-24 23:05:24',0),(111,'umaru','36','bigtits0123','小埋本季第一',0,'2015-09-25 12:24:12',0),(112,'rokka','74','pikachuchu','六花的ivan',0,'2015-09-25 12:38:28',0),(113,'umaru','36','bigtits0123','小埋生日快樂!!!!!!',0,'2015-09-26 15:44:59',0),(114,'gundam-tekketsu','78','Anson','會唔會係得第5\n雖然我無睇排球少年唔知有幾好',0,'2016-01-03 16:46:42',0),(115,'onepunchman','83','ivancss',':D',0,'2016-01-06 09:50:28',0),(116,'haikyu2','39','lhy634','Test',0,'2016-01-06 13:38:29',0),(117,'charlotte','3','qqwq','srfsf',0,'2016-01-08 18:19:46',1),(118,'chaos','84','testingadmin','asasdasd',0,'2016-01-08 18:32:15',1),(119,'activeraid','87','ivanhoe955','abc',0,'2016-10-19 21:15:13',1),(120,'ansatsu','86','ivanhoe950523','123',0,'2016-10-19 21:24:24',1),(121,'ansatsu','86','ivanhoe950523','123',0,'2016-10-19 21:24:37',0);
/*!40000 ALTER TABLE `comment` ENABLE KEYS */;
UNLOCK TABLES;

--
-- Dumping data for table `cv`
--

LOCK TABLES `cv` WRITE;
/*!40000 ALTER TABLE `cv` DISABLE KEYS */;
INSERT INTO `cv` VALUES ('Asakura_Momo','麻倉もも',''),('Fukui_Yukari','福井裕佳梨',''),('Hayami_Saori','早見沙織',''),('Hiyama_Nobuyuki','檜山修之',''),('Inoue_Marina','井上麻里奈',''),('Itou_Shitsuka','伊藤静',''),('Kakihara_Tetsuya','柿原徹也',''),('Konishi_Katsuyuki','小西克幸',''),('Mitsushima_Takahiro','水島大宙',''),('Sakura_Ayane','佐倉綾音',''),('Sawashiro_Miyuki','沢城みゆき',''),('Uchida_Maaya','内田真礼',''),('Uchiyama_Kouki','內山昂輝','');
/*!40000 ALTER TABLE `cv` ENABLE KEYS */;
UNLOCK TABLES;

--
-- Dumping data for table `episode`
--

LOCK TABLES `episode` WRITE;
/*!40000 ALTER TABLE `episode` DISABLE KEYS */;
INSERT INTO `episode` VALUES ('35shoutai',1,0,0,0,'1',0),('35shoutai',2,0,0,0,'2',0),('35shoutai',3,0,0,0,'3',0),('35shoutai',4,0,0,0,'4',0),('35shoutai',5,0,0,0,'5',0),('35shoutai',6,0,0,0,'6',0),('35shoutai',7,0,0,0,'7',0),('35shoutai',8,0,0,0,'8',0),('35shoutai',9,0,0,0,'9',0),('35shoutai',10,0,0,0,'10',0),('35shoutai',11,0,0,0,'11',0),('35shoutai',12,0,0,0,'12',0),('activeraid',1,6,0,1,'1',0),('activeraid',2,0,0,0,'2',0),('activeraid',3,0,0,0,'3',0),('activeraid',4,0,0,0,'4',0),('activeraid',5,0,0,0,'5',0),('activeraid',6,0,0,0,'6',0),('activeraid',7,0,0,0,'7',0),('activeraid',8,0,0,0,'8',0),('activeraid',9,0,0,0,'9',0),('activeraid',10,0,0,0,'10',0),('activeraid',11,0,0,0,'11',0),('activeraid',12,0,0,0,'12',0),('activeraid',13,0,0,0,'13',0),('ajin',1,0,0,0,'1',0),('ajin',2,0,0,0,'2',0),('ajin',3,0,0,0,'3',0),('ajin',4,0,0,0,'4',0),('ajin',5,0,0,0,'5',0),('ajin',6,0,0,0,'6',0),('ajin',7,0,0,0,'7',0),('ajin',8,0,0,0,'8',0),('ajin',9,0,0,0,'9',0),('ajin',10,0,0,0,'10',0),('ajin',11,0,0,0,'11',0),('ajin',12,0,0,0,'12',0),('ajin',13,0,0,0,'13',0),('akagami2',1,0,0,0,'1',0),('akagami2',2,0,0,0,'2',0),('akagami2',3,0,0,0,'3',0),('akagami2',4,0,0,0,'4',0),('akagami2',5,0,0,0,'5',0),('akagami2',6,0,0,0,'6',0),('akagami2',7,0,0,0,'7',0),('akagami2',8,0,0,0,'8',0),('akagami2',9,0,0,0,'9',0),('akagami2',10,0,0,0,'10',0),('akagami2',11,0,0,0,'11',0),('akagami2',12,0,0,0,'12',0),('akagami2',13,0,0,0,'13',0),('aldnoah-zero',1,10,0,1,'1',0),('aldnoah-zero',2,10,0,1,'2',0),('aldnoah-zero',3,0,0,0,'3',0),('aldnoah-zero',4,0,0,0,'4',0),('aldnoah-zero',5,0,0,0,'5',0),('aldnoah-zero',6,0,0,0,'6',0),('aldnoah-zero',7,0,0,0,'7',0),('aldnoah-zero',8,0,0,0,'8',0),('aldnoah-zero',9,0,0,0,'9',0),('aldnoah-zero',10,0,0,0,'10',0),('aldnoah-zero',11,0,0,0,'11',0),('aldnoah-zero',12,0,0,0,'12',0),('anitore',1,0,0,0,'1',0),('anitore',2,0,0,0,'2',0),('anitore',3,0,0,0,'3',0),('anitore',4,0,0,0,'4',0),('anitore',5,0,0,0,'5',0),('anitore',6,0,0,0,'6',0),('anitore',7,0,0,0,'7',0),('anitore',8,0,0,0,'8',0),('anitore',9,0,0,0,'9',0),('anitore',10,0,0,0,'10',0),('anitore',11,0,0,0,'11',0),('anitore',12,0,0,0,'12',0),('ansatsu',1,6,0,1,'1',0),('ansatsu',2,0,0,0,'2',0),('ansatsu',3,0,0,0,'3',0),('ansatsu',4,0,0,0,'4',0),('ansatsu',5,0,0,0,'5',0),('ansatsu',6,0,0,0,'6',0),('ansatsu',7,0,0,0,'7',0),('ansatsu',8,0,0,0,'8',0),('ansatsu',9,0,0,0,'9',0),('ansatsu',10,0,0,0,'10',0),('ansatsu',11,0,0,0,'11',0),('ansatsu',12,0,0,0,'12',0),('ansatsu',13,0,0,0,'13',0),('ansatsu',14,0,0,0,'14',0),('ansatsu',15,0,0,0,'15',0),('ansatsu',16,0,0,0,'16',0),('ansatsu',17,0,0,0,'17',0),('ansatsu',18,0,0,0,'18',0),('ansatsu',19,0,0,0,'19',0),('ansatsu',20,0,0,0,'20',0),('ansatsu',21,0,0,0,'21',0),('ansatsu',22,0,0,0,'22',0),('ansatsu',23,0,0,0,'23',0),('ansatsu',24,0,0,0,'24',0),('ansatsu',25,0,0,0,'25',0),('aokana',1,0,0,0,'1',0),('aokana',2,0,0,0,'2',0),('aokana',3,0,0,0,'3',0),('aokana',4,0,0,0,'4',0),('aokana',5,0,0,0,'5',0),('aokana',6,0,0,0,'6',0),('aokana',7,0,0,0,'7',0),('aokana',8,0,0,0,'8',0),('aokana',9,0,0,0,'9',0),('aokana',10,0,0,0,'10',0),('aokana',11,0,0,0,'11',0),('aokana',12,0,0,0,'12',0),('aokana',13,0,0,0,'13',0),('ariaaa',1,0,0,0,'1',0),('ariaaa',2,0,0,0,'2',0),('ariaaa',3,0,0,0,'3',0),('ariaaa',4,0,0,0,'4',0),('ariaaa',5,0,0,0,'5',0),('ariaaa',6,0,0,0,'6',0),('ariaaa',7,0,0,0,'7',0),('ariaaa',8,0,0,0,'8',0),('ariaaa',9,0,0,0,'9',0),('ariaaa',10,0,0,0,'10',0),('ariaaa',11,0,0,0,'11',0),('ariaaa',12,0,0,0,'12',0),('arslan',1,4,0,2,'1',0),('arslan',2,4,0,0,'2',0),('arslan',3,10,0,1,'3',0),('arslan',4,0,0,0,'4',0),('arslan',5,0,0,0,'5',0),('arslan',6,0,0,0,'6',0),('arslan',7,0,0,0,'7',0),('arslan',8,0,0,0,'8',0),('arslan',9,0,0,0,'9',0),('arslan',10,0,0,0,'10',0),('arslan',11,0,0,0,'11',0),('arslan',12,0,0,0,'12',0),('arslan',13,0,0,0,'13',0),('arslan',14,0,0,0,'13.5',0),('arslan',15,0,0,0,'14',0),('arslan',16,0,0,0,'15',0),('arslan',17,0,0,0,'16',0),('arslan',18,0,0,0,'17',0),('arslan',19,0,0,0,'18',0),('arslan',20,0,0,0,'19',0),('arslan',21,0,0,0,'20',0),('arslan',22,6,0,0,'21',0),('arslan',23,0,0,0,'22',0),('arslan',24,0,0,0,'23',0),('arslan',25,0,0,0,'24',0),('asterisk-war',1,0,0,0,'1',0),('asterisk-war',2,0,0,0,'2',0),('asterisk-war',3,0,0,0,'3',0),('asterisk-war',4,0,0,0,'4',0),('asterisk-war',5,0,0,0,'5',0),('asterisk-war',6,0,0,0,'6',0),('asterisk-war',7,0,0,0,'7',0),('asterisk-war',8,0,0,0,'8',0),('asterisk-war',9,0,0,0,'9',0),('asterisk-war',10,0,0,0,'10',0),('asterisk-war',11,0,0,0,'11',0),('asterisk-war',12,0,0,0,'12',0),('babysteps',1,0,0,0,'1',0),('babysteps',2,0,0,0,'2',0),('babysteps',3,0,0,0,'3',0),('babysteps',4,0,0,0,'4',0),('babysteps',5,0,0,0,'5',0),('babysteps',6,0,0,0,'6',0),('babysteps',7,0,0,0,'7',0),('babysteps',8,0,0,0,'8',0),('babysteps',9,0,0,0,'9',0),('babysteps',10,0,0,0,'10',0),('babysteps',11,0,0,0,'11',0),('babysteps',12,0,0,0,'12',0),('babysteps',13,0,0,0,'13',0),('babysteps',14,0,0,0,'14',0),('babysteps',15,0,0,0,'15',0),('babysteps',16,0,0,0,'16',0),('babysteps',17,0,0,0,'17',0),('babysteps',18,0,0,0,'18',0),('babysteps',19,0,0,0,'19',0),('babysteps',20,0,0,0,'20',0),('babysteps',21,0,0,0,'21',0),('babysteps',22,0,0,0,'22',0),('babysteps',23,0,0,0,'23',0),('babysteps',24,0,0,0,'24',0),('babysteps',25,0,0,0,'25',0),('bbkbrnk',1,0,0,0,'1',0),('bbkbrnk',2,0,0,0,'2',0),('bbkbrnk',3,0,0,0,'3',0),('bbkbrnk',4,0,0,0,'4',0),('bbkbrnk',5,0,0,0,'5',0),('bbkbrnk',6,0,0,0,'6',0),('bbkbrnk',7,0,0,0,'7',0),('bbkbrnk',8,0,0,0,'8',0),('bbkbrnk',9,0,0,0,'9',0),('bbkbrnk',10,0,0,0,'10',0),('bbkbrnk',11,0,0,0,'11',0),('bbkbrnk',12,0,0,0,'12',0),('bbkbrnk',13,0,0,0,'13',0),('bokumachi',1,0,0,0,'1',0),('bokumachi',2,0,0,0,'2',0),('bokumachi',3,0,0,0,'3',0),('bokumachi',4,0,0,0,'4',0),('bokumachi',5,0,0,0,'5',0),('bokumachi',6,0,0,0,'6',0),('bokumachi',7,0,0,0,'7',0),('bokumachi',8,0,0,0,'8',0),('bokumachi',9,0,0,0,'9',0),('bokumachi',10,0,0,0,'10',0),('bokumachi',11,0,0,0,'11',0),('bokumachi',12,0,0,0,'12',0),('bokumachi',13,0,0,0,'13',0),('bokumachi',14,0,0,0,'14',0),('bokumachi',15,0,0,0,'15',0),('bokumachi',16,0,0,0,'16',0),('bokumachi',17,0,0,0,'17',0),('bokumachi',18,0,0,0,'18',0),('bokumachi',19,0,0,0,'19',0),('bokumachi',20,0,0,0,'20',0),('bokumachi',21,0,0,0,'21',0),('bokumachi',22,0,0,0,'22',0),('bokumachi',23,0,0,0,'23',0),('bokumachi',24,0,0,0,'24',0),('bokumachi',25,0,0,0,'25',0),('bokumachi',26,0,0,0,'26',0),('chaos',1,0,0,0,'1',0),('chaos',2,0,0,0,'2',0),('chaos',3,0,0,0,'3',0),('chaos',4,0,0,0,'4',0),('chaos',5,0,0,0,'5',0),('chaos',6,0,0,0,'6',0),('chaos',7,0,0,0,'7',0),('chaos',8,0,0,0,'8',0),('chaos',9,0,0,0,'9',0),('chaos',10,0,0,0,'10',0),('chaos',11,0,0,0,'11',0),('chaos',12,0,0,0,'12',0),('charlotte',1,6.4,0,5,'1',0),('charlotte',2,8,0,0,'2',0),('charlotte',3,8,0,0,'3',0),('charlotte',4,1,0,1,'4',0),('charlotte',5,4,0,2,'5',0),('charlotte',6,0,0,0,'6',0),('charlotte',7,9,0,0,'7',0),('charlotte',8,5,0,0,'8',0),('charlotte',9,10,0,0,'9',0),('charlotte',10,7,0,1,'10',0),('charlotte',11,1,0,2,'11',0),('charlotte',12,5,0,1,'12',0),('charlotte',13,0,0,0,'13',0),('comet-lucifer',1,0,0,0,'1',0),('comet-lucifer',2,0,0,0,'2',0),('comet-lucifer',3,0,0,0,'3',0),('comet-lucifer',4,0,0,0,'4',0),('comet-lucifer',5,0,0,0,'5',0),('comet-lucifer',6,0,0,0,'6',0),('comet-lucifer',7,0,0,0,'7',0),('comet-lucifer',8,0,0,0,'8',0),('comet-lucifer',9,0,0,0,'9',0),('comet-lucifer',10,0,0,0,'10',0),('comet-lucifer',11,0,0,0,'11',0),('comet-lucifer',12,0,0,0,'12',0),('concreterevolutio',1,0,0,0,'1',0),('concreterevolutio',2,0,0,0,'2',0),('concreterevolutio',3,0,0,0,'3',0),('concreterevolutio',4,0,0,0,'4',0),('concreterevolutio',5,0,0,0,'5',0),('concreterevolutio',6,0,0,0,'6',0),('concreterevolutio',7,0,0,0,'7',0),('concreterevolutio',8,0,0,0,'8',0),('concreterevolutio',9,0,0,0,'9',0),('concreterevolutio',10,0,0,0,'10',0),('concreterevolutio',11,0,0,0,'11',0),('concreterevolutio',12,0,0,0,'12',0),('concreterevolutio',13,0,0,0,'13',0),('dagashi',1,8,0,2,'1',0),('dagashi',2,0,0,0,'2',0),('dagashi',3,0,0,0,'3',0),('dagashi',4,0,0,0,'4',0),('dagashi',5,0,0,0,'5',0),('dagashi',6,0,0,0,'6',0),('dagashi',7,0,0,0,'7',0),('dagashi',8,0,0,0,'8',0),('dagashi',9,0,0,0,'9',0),('dagashi',10,0,0,0,'10',0),('dagashi',11,0,0,0,'11',0),('dagashi',12,0,0,0,'12',0),('dagashi',13,0,0,0,'13',0),('danmachi',1,0,0,0,'1',0),('danmachi',2,0,0,0,'2',0),('danmachi',3,0,0,0,'3',0),('danmachi',4,0,0,0,'4',0),('danmachi',5,0,0,0,'5',0),('danmachi',6,0,0,0,'6',0),('danmachi',7,0,0,0,'7',0),('danmachi',8,0,0,0,'8',0),('danmachi',9,0,0,0,'9',0),('danmachi',10,0,0,0,'10',0),('danmachi',11,0,0,0,'11',0),('danmachi',12,0,0,0,'12',0),('danmachi',13,0,0,0,'13',0),('danna',1,0,0,0,'1',0),('danna',2,0,0,0,'2',0),('danna',3,0,0,0,'3',0),('danna',4,0,0,0,'4',0),('danna',5,0,0,0,'5',0),('danna',6,0,0,0,'6',0),('danna',7,0,0,0,'7',0),('danna',8,0,0,0,'8',0),('danna',9,0,0,0,'9',0),('danna',10,0,0,0,'10',0),('danna',11,0,0,0,'11',0),('danna',12,0,0,0,'12',0),('danna',13,0,0,0,'13',0),('denpa_kyoshi',1,0,0,0,'1',0),('denpa_kyoshi',2,0,0,0,'2',0),('denpa_kyoshi',3,0,0,0,'3',0),('denpa_kyoshi',4,0,0,0,'4',0),('denpa_kyoshi',5,0,0,0,'5',0),('denpa_kyoshi',6,0,0,0,'6',0),('denpa_kyoshi',7,0,0,0,'7',0),('denpa_kyoshi',8,0,0,0,'8',0),('denpa_kyoshi',9,0,0,0,'9',0),('denpa_kyoshi',10,0,0,0,'10',0),('denpa_kyoshi',11,0,0,0,'11',0),('denpa_kyoshi',12,0,0,0,'12',0),('denpa_kyoshi',13,0,0,0,'13',0),('denpa_kyoshi',14,0,0,0,'14',0),('denpa_kyoshi',15,0,0,0,'15',0),('denpa_kyoshi',16,0,0,0,'16',0),('denpa_kyoshi',17,0,0,0,'17',0),('denpa_kyoshi',18,0,0,0,'18',0),('denpa_kyoshi',19,0,0,0,'19',0),('denpa_kyoshi',20,0,0,0,'20',0),('denpa_kyoshi',21,0,0,0,'21',0),('denpa_kyoshi',22,0,0,0,'22',0),('denpa_kyoshi',23,0,0,0,'23',0),('denpa_kyoshi',24,0,0,0,'24',0),('dg',1,0,1,0,'1',0),('dg',2,0,0,0,'2',0),('dg',3,0,0,0,'3',0),('dg',4,0,0,0,'4',0),('dg',5,0,0,0,'5',0),('dg',6,0,0,0,'6',0),('dg',7,0,0,0,'7',0),('dg',8,0,0,0,'8',0),('dg',9,0,0,0,'9',0),('dg',10,0,0,0,'10',0),('dg',11,0,0,0,'11',0),('dg',12,0,0,0,'12',0),('dg',13,0,0,0,'13',0),('dialover2',1,0,0,0,'1',0),('dialover2',2,0,0,0,'2',0),('dialover2',3,0,0,0,'3',0),('dialover2',4,0,0,0,'4',0),('dialover2',5,0,0,0,'5',0),('dialover2',6,0,0,0,'6',0),('dialover2',7,0,0,0,'7',0),('dialover2',8,0,0,0,'8',0),('dialover2',9,0,0,0,'9',0),('dialover2',10,0,0,0,'10',0),('dialover2',11,0,0,0,'11',0),('dialover2',12,0,0,0,'12',0),('dimension-w',1,0,0,0,'1',0),('dimension-w',2,0,0,0,'2',0),('dimension-w',3,0,0,0,'3',0),('dimension-w',4,0,0,0,'4',0),('dimension-w',5,0,0,0,'5',0),('dimension-w',6,0,0,0,'6',0),('dimension-w',7,0,0,0,'7',0),('dimension-w',8,0,0,0,'8',0),('dimension-w',9,0,0,0,'9',0),('dimension-w',10,0,0,0,'10',0),('dimension-w',11,0,0,0,'11',0),('dimension-w',12,0,0,0,'12',0),('dimension-w',13,0,0,0,'13',0),('drrr_2-3',1,0,0,0,'1',0),('drrr_2-3',2,0,0,0,'2',0),('drrr_2-3',3,0,0,0,'3',0),('drrr_2-3',4,0,0,0,'4',0),('drrr_2-3',5,0,0,0,'5',0),('drrr_2-3',6,0,0,0,'6',0),('drrr_2-3',7,0,0,0,'7',0),('drrr_2-3',8,0,0,0,'8',0),('drrr_2-3',9,0,0,0,'9',0),('drrr_2-3',10,0,0,0,'10',0),('drrr_2-3',11,0,0,0,'11',0),('drrr_2-3',12,0,0,0,'12',0),('drrr_2-3',13,0,0,0,'13',0),('dwd',1,0,0,0,'1',0),('dwd',2,0,0,0,'2',0),('dwd',3,0,0,0,'3',0),('dwd',4,0,0,0,'4',0),('dwd',5,0,0,0,'5',0),('dwd',6,0,0,0,'6',0),('dwd',7,0,0,0,'7',0),('dwd',8,0,0,0,'8',0),('dwd',9,0,0,0,'9',0),('dwd',10,0,0,0,'10',0),('dwd',11,0,0,0,'11',0),('dwd',12,0,0,0,'12',0),('dxd_3',1,0,0,0,'1',0),('dxd_3',2,0,0,0,'2',0),('dxd_3',3,0,0,0,'3',0),('dxd_3',4,0,0,0,'4',0),('dxd_3',5,0,0,0,'5',0),('dxd_3',6,0,0,0,'6',0),('dxd_3',7,0,0,0,'7',0),('dxd_3',8,0,0,0,'8',0),('dxd_3',9,0,0,0,'9',0),('dxd_3',10,0,0,0,'10',0),('dxd_3',11,0,0,0,'11',0),('dxd_3',12,0,0,0,'12',0),('etotama',1,0,0,0,'1',0),('etotama',2,0,0,0,'2',0),('etotama',3,0,0,0,'3',0),('etotama',4,0,0,0,'4',0),('etotama',5,0,0,0,'5',0),('etotama',6,0,0,0,'6',0),('etotama',7,0,0,0,'7',0),('etotama',8,0,0,0,'8',0),('etotama',9,0,0,0,'9',0),('etotama',10,0,0,0,'10',0),('etotama',11,0,0,0,'11',0),('etotama',12,0,0,0,'12',0),('eupho',1,0,0,0,'1',0),('eupho',2,0,0,0,'2',0),('eupho',3,0,0,0,'3',0),('eupho',4,0,0,0,'4',0),('eupho',5,0,0,0,'5',0),('eupho',6,0,0,0,'6',0),('eupho',7,0,0,0,'7',0),('eupho',8,0,0,0,'8',0),('eupho',9,0,0,0,'9',0),('eupho',10,0,0,0,'10',0),('eupho',11,0,0,0,'11',0),('eupho',12,0,0,0,'12',0),('eupho',13,0,0,0,'13',0),('f-noitamina',1,0,0,0,'1',0),('f-noitamina',2,0,0,0,'2',0),('f-noitamina',3,0,0,0,'3',0),('f-noitamina',4,0,0,0,'4',0),('f-noitamina',5,0,0,0,'5',0),('f-noitamina',6,0,0,0,'6',0),('f-noitamina',7,0,0,0,'7',0),('f-noitamina',8,0,0,0,'8',0),('f-noitamina',9,0,0,0,'9',0),('f-noitamina',10,0,0,0,'10',0),('f-noitamina',11,0,0,0,'11',0),('fafner-exodus',1,0,0,0,'1',0),('fafner-exodus',2,0,0,0,'2',0),('fafner-exodus',3,0,0,0,'3',0),('fafner-exodus',4,0,0,0,'4',0),('fafner-exodus',5,0,0,0,'5',0),('fafner-exodus',6,0,0,0,'6',0),('fafner-exodus',7,0,0,0,'7',0),('fafner-exodus',8,0,0,0,'8',0),('fafner-exodus',9,0,0,0,'9',0),('fafner-exodus',10,0,0,0,'10',0),('fafner-exodus',11,0,0,0,'11',0),('fafner-exodus',12,0,0,0,'12',0),('fafner-exodus',13,0,0,0,'13',0),('fafner-exodus',14,0,0,0,'14',0),('fafner-exodus',15,0,0,0,'15',0),('fafner-exodus',16,0,0,0,'16',0),('fafner-exodus',17,0,0,0,'17',0),('fafner-exodus',18,0,0,0,'18',0),('fafner-exodus',19,0,0,0,'19',0),('fafner-exodus',20,0,0,0,'20',0),('fafner-exodus',21,0,0,0,'21',0),('fafner-exodus',22,0,0,0,'22',0),('fafner-exodus',23,0,0,0,'23',0),('fafner-exodus',24,0,0,0,'24',0),('fafner-exodus',25,0,0,0,'25',0),('fafner-exodus',26,0,0,0,'26',0),('fairytail',1,0,0,0,'1',0),('fairytail',2,0,0,0,'2',0),('fairytail',3,0,0,0,'3',0),('fairytail',4,0,0,0,'4',0),('fairytail',5,0,0,0,'5',0),('fairytail',6,0,0,0,'6',0),('fairytail',7,0,0,0,'7',0),('fairytail',8,0,0,0,'8',0),('fairytail',9,0,0,0,'9',0),('fairytail',10,0,0,0,'10',0),('fairytail',11,0,0,0,'11',0),('fairytail',12,0,0,0,'12',0),('fairytail',13,0,0,0,'13',0),('fsn-ubw',1,0,0,0,'1',0),('fsn-ubw',2,0,0,0,'2',0),('fsn-ubw',3,0,0,0,'3',0),('fsn-ubw',4,0,0,0,'4',0),('fsn-ubw',5,0,0,0,'5',0),('fsn-ubw',6,0,0,0,'6',0),('fsn-ubw',7,0,0,0,'7',0),('fsn-ubw',8,0,0,0,'8',0),('fsn-ubw',9,0,0,0,'9',0),('fsn-ubw',10,0,0,0,'10',0),('fsn-ubw',11,0,0,0,'11',0),('fsn-ubw',12,0,0,0,'12',0),('fsn-ubw',13,0,0,0,'13',0),('fsn-ubw',14,0,0,0,'14',0),('fsn-ubw',15,0,0,0,'15',0),('fsn-ubw',16,0,0,0,'16',0),('fsn-ubw',17,0,0,0,'17',0),('fsn-ubw',18,0,0,0,'18',0),('fsn-ubw',19,0,0,0,'19',0),('fsn-ubw',20,0,0,0,'20',0),('fsn-ubw',21,0,0,0,'21',0),('fsn-ubw',22,0,0,0,'22',0),('fsn-ubw',23,0,0,0,'23',0),('fsn-ubw',24,0,0,0,'24',0),('fsn-ubw',25,0,0,0,'25',0),('gakkougurashi',1,0,0,0,'1',0),('gakkougurashi',2,0,0,0,'2',0),('gakkougurashi',3,0,0,0,'3',0),('gakkougurashi',4,0,0,0,'4',0),('gakkougurashi',5,0,0,0,'5',0),('gakkougurashi',6,0,0,0,'6',0),('gakkougurashi',7,0,0,0,'7',0),('gakkougurashi',8,0,0,0,'8',0),('gakkougurashi',9,0,0,0,'9',0),('gakkougurashi',10,0,0,0,'10',0),('gakkougurashi',11,0,0,0,'11',0),('gakkougurashi',12,0,0,0,'12',0),('galko',1,0,0,0,'1',0),('galko',2,0,0,0,'2',0),('galko',3,0,0,0,'3',0),('galko',4,0,0,0,'4',0),('galko',5,0,0,0,'5',0),('galko',6,0,0,0,'6',0),('galko',7,0,0,0,'7',0),('galko',8,0,0,0,'8',0),('galko',9,0,0,0,'9',0),('galko',10,0,0,0,'10',0),('galko',11,0,0,0,'11',0),('galko',12,0,0,0,'12',0),('galko',13,0,0,0,'13',0),('gate_2',1,0,0,0,'1',0),('gate_2',2,0,0,0,'2',0),('gate_2',3,0,0,0,'3',0),('gate_2',4,0,0,0,'4',0),('gate_2',5,0,0,0,'5',0),('gate_2',6,0,0,0,'6',0),('gate_2',7,0,0,0,'7',0),('gate_2',8,0,0,0,'8',0),('gate_2',9,0,0,0,'9',0),('gate_2',10,0,0,0,'10',0),('gate_2',11,0,0,0,'11',0),('gate_2',12,0,0,0,'12',0),('gate_2',13,0,0,0,'13',0),('gate_fantasy',1,6,0,2,'1',0),('gate_fantasy',2,0,1,0,'2',0),('gate_fantasy',3,8,0,0,'3',0),('gate_fantasy',4,10,0,0,'4',0),('gate_fantasy',5,10,0,0,'5',0),('gate_fantasy',6,10,0,0,'6',0),('gate_fantasy',7,10,0,0,'7',0),('gate_fantasy',8,10,0,0,'8',0),('gate_fantasy',9,0,0,0,'9',0),('gate_fantasy',10,0,0,0,'10',0),('gate_fantasy',11,0,0,0,'11',0),('gate_fantasy',12,5,0,1,'12',0),('gochiusa2',1,0,0,0,'1',0),('gochiusa2',2,0,0,0,'2',0),('gochiusa2',3,0,0,0,'3',0),('gochiusa2',4,0,0,0,'4',0),('gochiusa2',5,0,0,0,'5',0),('gochiusa2',6,0,0,0,'6',0),('gochiusa2',7,0,0,0,'7',0),('gochiusa2',8,0,0,0,'8',0),('gochiusa2',9,0,0,0,'9',0),('gochiusa2',10,0,0,0,'10',0),('gochiusa2',11,0,0,0,'11',0),('gochiusa2',12,0,0,0,'12',0),('godeater',1,0,0,0,'0',0),('godeater',2,3.3,0,0,'1',0),('godeater',3,5,0,0,'2',0),('godeater',4,6.5,1,0,'3',0),('godeater',5,6,0,2,'SP01',0),('godeater',6,5.5,0,2,'4',0),('godeater',7,6,0,0,'5',0),('godeater',8,4,0,1,'SP02',0),('godeater',9,7,0,1,'6',0),('godeater',10,3,0,1,'7',0),('godeater',11,0,0,0,'SP03',0),('godeater',12,0,0,0,'11',0),('godeater',13,0,0,0,'12',0),('grimgar',1,0,0,0,'1',0),('grimgar',2,0,0,0,'2',0),('grimgar',3,0,0,0,'3',0),('grimgar',4,0,0,0,'4',0),('grimgar',5,0,0,0,'5',0),('grimgar',6,0,0,0,'6',0),('grimgar',7,0,0,0,'7',0),('grimgar',8,0,0,0,'8',0),('grimgar',9,0,0,0,'9',0),('grimgar',10,0,0,0,'10',0),('grimgar',11,0,0,0,'11',0),('grimgar',12,0,0,0,'12',0),('grimgar',13,0,0,0,'13',0),('grisaia',1,0,0,0,'1',0),('grisaia',2,0,0,0,'2',0),('grisaia',3,0,0,0,'3',0),('grisaia',4,0,0,0,'4',0),('grisaia',5,0,0,0,'5',0),('grisaia',6,0,0,0,'6',0),('grisaia',7,0,0,0,'7',0),('grisaia',8,0,0,0,'8',0),('grisaia',9,0,0,0,'9',0),('grisaia',10,0,0,0,'10',0),('gundam-tekketsu',1,5.5,0,2,'1',0),('gundam-tekketsu',2,5,0,2,'2',0),('gundam-tekketsu',3,10,0,1,'3',0),('gundam-tekketsu',4,9,0,1,'4',0),('gundam-tekketsu',5,7,0,2,'5',0),('gundam-tekketsu',6,8,0,1,'6',0),('gundam-tekketsu',7,5,0,2,'7',0),('gundam-tekketsu',8,5,0,2,'8',0),('gundam-tekketsu',9,5.5,0,2,'9',0),('gundam-tekketsu',10,5.5,0,2,'10',0),('gundam-tekketsu',11,5,0,2,'11',0),('gundam-tekketsu',12,4,0,3,'12',0),('gundam-tekketsu',13,4.5,0,2,'13',0),('gundam-tekketsu',14,5.5,0,2,'14',0),('gundam-tekketsu',15,0,0,0,'15',0),('gundam-tekketsu',16,0,0,0,'16',0),('gundam-tekketsu',17,0,0,0,'17',0),('gundam-tekketsu',18,0,0,0,'18',0),('gundam-tekketsu',19,0,0,0,'19',0),('gundam-tekketsu',20,0,0,0,'20',0),('gundam-tekketsu',21,0,0,0,'21',0),('gundam-tekketsu',22,0,0,0,'22',0),('gundam-tekketsu',23,0,0,0,'23',0),('gundam-tekketsu',24,0,0,0,'24',0),('gundam-tekketsu',25,0,0,0,'25',0),('gunslinger',1,0,0,0,'1',0),('gunslinger',2,0,0,0,'2',0),('gunslinger',3,0,0,0,'3',0),('gunslinger',4,0,0,0,'4',0),('gunslinger',5,0,0,0,'5',0),('gunslinger',6,0,0,0,'6',0),('gunslinger',7,0,0,0,'7',0),('gunslinger',8,0,0,0,'8',0),('gunslinger',9,0,0,0,'9',0),('gunslinger',10,0,0,0,'10',0),('gunslinger',11,0,0,0,'11',0),('gunslinger',12,0,0,0,'12',0),('gunslinger',13,0,0,0,'13',0),('gurren-lagann',1,7.5,0,2,'1',0),('gurren-lagann',2,10,0,1,'2',0),('gurren-lagann',3,10,0,1,'3',0),('gurren-lagann',4,9,0,1,'4',0),('gurren-lagann',5,10,0,1,'5',0),('gurren-lagann',6,0,0,0,'6',0),('gurren-lagann',7,0,0,0,'7',0),('gurren-lagann',8,0,0,0,'8',0),('gurren-lagann',9,0,0,0,'9',0),('gurren-lagann',10,0,0,0,'10',0),('gurren-lagann',11,0,0,0,'11',0),('gurren-lagann',12,0,0,0,'12',0),('gurren-lagann',13,0,0,0,'13',0),('gurren-lagann',14,0,0,0,'14',0),('gurren-lagann',15,0,0,0,'15',0),('gurren-lagann',16,0,0,0,'16',0),('gurren-lagann',17,0,0,0,'17',0),('gurren-lagann',18,0,0,0,'18',0),('gurren-lagann',19,0,0,0,'19',0),('gurren-lagann',20,0,0,0,'20',0),('gurren-lagann',21,0,0,0,'21',0),('gurren-lagann',22,0,0,0,'22',0),('gurren-lagann',23,0,0,0,'23',0),('gurren-lagann',24,0,0,0,'24',0),('gurren-lagann',25,0,0,0,'25',0),('gurren-lagann',26,0,0,0,'26',0),('gurren-lagann',27,0,0,0,'27',0),('hackadoll',1,0,0,0,'1',0),('hackadoll',2,0,0,0,'2',0),('hackadoll',3,0,0,0,'3',0),('hackadoll',4,0,0,0,'4',0),('hackadoll',5,0,0,0,'5',0),('hackadoll',6,0,0,0,'6',0),('hackadoll',7,0,0,0,'7',0),('hackadoll',8,0,0,0,'8',0),('hackadoll',9,0,0,0,'9',0),('hackadoll',10,0,0,0,'10',0),('hackadoll',11,0,0,0,'11',0),('hackadoll',12,0,0,0,'12',0),('hackadoll',13,0,0,0,'13',0),('haikyu2',1,1,0,1,'1',0),('haikyu2',2,4,0,1,'2',0),('haikyu2',3,7,0,1,'3',0),('haikyu2',4,7,0,1,'4',0),('haikyu2',5,4,0,1,'5',0),('haikyu2',6,0,0,0,'6',0),('haikyu2',7,0,0,0,'7',0),('haikyu2',8,0,0,0,'8',0),('haikyu2',9,0,0,0,'9',0),('haikyu2',10,0,0,0,'10',0),('haikyu2',11,0,0,0,'11',0),('haikyu2',12,0,0,0,'12',0),('haikyu2',13,9,0,1,'13',0),('haikyu2',14,0,0,0,'14',0),('haikyu2',15,0,0,0,'15',0),('haikyu2',16,0,0,0,'16',0),('haikyu2',17,0,0,0,'17',0),('haikyu2',18,0,0,0,'18',0),('haikyu2',19,0,0,0,'19',0),('haikyu2',20,0,0,0,'20',0),('haikyu2',21,0,0,0,'21',0),('haikyu2',22,0,0,0,'22',0),('haikyu2',23,0,0,0,'23',0),('haikyu2',24,0,0,0,'24',0),('haikyu2',25,0,0,0,'25',0),('hakone-chan',1,0,0,0,'1',0),('hakone-chan',2,0,0,0,'2',0),('hakone-chan',3,0,0,0,'3',0),('hakone-chan',4,0,0,0,'4',0),('hakone-chan',5,0,0,0,'5',0),('hakone-chan',6,0,0,0,'6',0),('hakone-chan',7,0,0,0,'7',0),('hakone-chan',8,0,0,0,'8',0),('hakone-chan',9,0,0,0,'9',0),('hakone-chan',10,0,0,0,'10',0),('hakone-chan',11,0,0,0,'11',0),('hakone-chan',12,0,0,0,'12',0),('hakone-chan',13,0,0,0,'13',0),('haruchika',1,0,0,0,'1',0),('haruchika',2,0,0,0,'2',0),('haruchika',3,0,0,0,'3',0),('haruchika',4,0,0,0,'4',0),('haruchika',5,0,0,0,'5',0),('haruchika',6,0,0,0,'6',0),('haruchika',7,0,0,0,'7',0),('haruchika',8,0,0,0,'8',0),('haruchika',9,0,0,0,'9',0),('haruchika',10,0,0,0,'10',0),('haruchika',11,0,0,0,'11',0),('haruchika',12,0,0,0,'12',0),('haruchika',13,0,0,0,'13',0),('heavyobject',1,0,0,0,'1',0),('heavyobject',2,0,0,0,'2',0),('heavyobject',3,0,0,0,'3',0),('heavyobject',4,0,0,0,'4',0),('heavyobject',5,0,0,0,'5',0),('heavyobject',6,0,0,0,'6',0),('heavyobject',7,0,0,0,'7',0),('heavyobject',8,0,0,0,'8',0),('heavyobject',9,0,0,0,'9',0),('heavyobject',10,0,0,0,'10',0),('heavyobject',11,0,0,0,'11',0),('heavyobject',12,0,0,0,'12',0),('heavyobject',13,0,0,0,'13',0),('heavyobject',14,0,0,0,'14',0),('heavyobject',15,0,0,0,'15',0),('heavyobject',16,0,0,0,'16',0),('heavyobject',17,0,0,0,'17',0),('heavyobject',18,0,0,0,'18',0),('heavyobject',19,0,0,0,'19',0),('heavyobject',20,0,0,0,'20',0),('heavyobject',21,0,0,0,'21',0),('heavyobject',22,0,0,0,'22',0),('heavyobject',23,0,0,0,'23',0),('heavyobject',24,0,0,0,'24',0),('hstar-mu',1,0,0,0,'1',0),('hstar-mu',2,0,0,0,'2',0),('hstar-mu',3,0,0,0,'3',0),('hstar-mu',4,0,0,0,'4',0),('hstar-mu',5,0,0,0,'5',0),('hstar-mu',6,0,0,0,'6',0),('hstar-mu',7,0,0,0,'7',0),('hstar-mu',8,0,0,0,'8',0),('hstar-mu',9,0,0,0,'9',0),('hstar-mu',10,0,0,0,'10',0),('hstar-mu',11,0,0,0,'11',0),('hstar-mu',12,0,0,0,'12',0),('illya-2herz',1,5,0,1,'1',0),('illya-2herz',2,4,0,1,'2',0),('illya-2herz',3,0,1,0,'3',0),('illya-2herz',4,0,0,0,'4',0),('illya-2herz',5,0,0,0,'5',0),('illya-2herz',6,0,0,0,'6',0),('illya-2herz',7,0,0,0,'7',0),('illya-2herz',8,0,0,0,'8',0),('illya-2herz',9,9,0,1,'9',0),('illya-2herz',10,0,0,0,'10',0),('ittoshura',1,0,0,0,'1',0),('ittoshura',2,0,0,0,'2',0),('ittoshura',3,0,0,0,'3',0),('ittoshura',4,0,0,0,'4',0),('ittoshura',5,0,0,0,'5',0),('ittoshura',6,0,0,0,'6',0),('ittoshura',7,0,0,0,'7',0),('ittoshura',8,0,0,0,'8',0),('ittoshura',9,0,0,0,'9',0),('ittoshura',10,0,0,0,'10',0),('ittoshura',11,0,0,0,'11',0),('ittoshura',12,0,0,0,'12',0),('k-pandora',1,0,0,0,'1',0),('k-pandora',2,0,0,0,'2',0),('k-pandora',3,0,0,0,'3',0),('k-pandora',4,0,0,0,'4',0),('k-pandora',5,0,0,0,'5',0),('k-pandora',6,0,0,0,'6',0),('k-pandora',7,0,0,0,'7',0),('k-pandora',8,0,0,0,'8',0),('k-pandora',9,0,0,0,'9',0),('k-pandora',10,0,0,0,'10',0),('k-pandora',11,0,0,0,'11',0),('k-pandora',12,0,0,0,'12',0),('k-pandora',13,0,0,0,'13',0),('K2',1,0,0,0,'1',0),('K2',2,0,0,0,'2',0),('K2',3,0,0,0,'3',0),('K2',4,0,0,0,'4',0),('K2',5,0,0,0,'5',0),('K2',6,0,0,0,'6',0),('K2',7,0,0,0,'7',0),('K2',8,0,0,0,'8',0),('K2',9,0,0,0,'9',0),('K2',10,0,0,0,'10',0),('K2',11,0,0,0,'11',0),('K2',12,0,0,0,'12',0),('K2',13,0,0,0,'13',0),('kagewani',1,0,0,0,'1',0),('kagewani',2,0,0,0,'2',0),('kagewani',3,0,0,0,'3',0),('kagewani',4,0,0,0,'4',0),('kagewani',5,0,0,0,'5',0),('kagewani',6,0,0,0,'6',0),('kagewani',7,0,0,0,'7',0),('kagewani',8,0,0,0,'8',0),('kagewani',9,0,0,0,'9',0),('kagewani',10,0,0,0,'10',0),('kagewani',11,0,0,0,'11',0),('kagewani',12,0,0,0,'12',0),('kagewani',13,0,0,0,'13',0),('kekkaisensen',1,0,0,0,'1',0),('kekkaisensen',2,0,0,0,'2',0),('kekkaisensen',3,0,0,0,'3',0),('kekkaisensen',4,0,0,0,'4',0),('kekkaisensen',5,0,0,0,'5',0),('kekkaisensen',6,0,0,0,'6',0),('kekkaisensen',7,0,0,0,'7',0),('kekkaisensen',8,0,0,0,'8',0),('kekkaisensen',9,0,0,0,'9',0),('kekkaisensen',10,0,0,0,'10',0),('kekkaisensen',11,0,0,0,'11',0),('kekkaisensen',12,0,0,0,'12',0),('kinmosa',1,0,0,0,'1',0),('kinmosa',2,0,0,0,'2',0),('kinmosa',3,0,0,0,'3',0),('kinmosa',4,0,0,0,'4',0),('kinmosa',5,0,0,0,'5',0),('kinmosa',6,0,0,0,'6',0),('kinmosa',7,0,0,0,'7',0),('kinmosa',8,0,0,0,'8',0),('kinmosa',9,0,0,0,'9',0),('kinmosa',10,0,0,0,'10',0),('kinmosa',11,0,0,0,'11',0),('kinmosa',12,0,0,0,'12',0),('komugir',1,8,0,2,'1',0),('komugir',2,0,0,0,'2',0),('komugir',3,0,0,0,'3',0),('komugir',4,0,0,0,'4',0),('komugir',5,0,0,0,'5',0),('komugir',6,0,0,0,'6',0),('komugir',7,0,0,0,'7',0),('komugir',8,0,0,0,'8',0),('komugir',9,0,0,0,'9',0),('komugir',10,0,0,0,'10',0),('komugir',11,0,0,0,'11',0),('komugir',12,0,0,0,'12',0),('komugir',13,0,0,0,'13',0),('konosuba',1,7,0,1,'1',0),('konosuba',2,0,0,0,'2',0),('konosuba',3,0,0,0,'3',0),('konosuba',4,0,0,0,'4',0),('konosuba',5,0,0,0,'5',0),('konosuba',6,0,0,0,'6',0),('konosuba',7,0,0,0,'7',0),('konosuba',8,0,0,0,'8',0),('konosuba',9,0,0,0,'9',0),('konosuba',10,0,0,0,'10',0),('konosuba',11,0,0,0,'11',0),('konosuba',12,0,0,0,'12',0),('konosuba',13,0,0,0,'13',0),('koyomimonogatari',1,8,0,1,'1',0),('koyomimonogatari',2,0,0,0,'2',0),('koyomimonogatari',3,0,0,0,'3',0),('koyomimonogatari',4,0,0,0,'4',0),('koyomimonogatari',5,0,0,0,'5',0),('koyomimonogatari',6,0,0,0,'6',0),('koyomimonogatari',7,0,0,0,'7',0),('koyomimonogatari',8,0,0,0,'8',0),('koyomimonogatari',9,0,0,0,'9',0),('koyomimonogatari',10,0,0,0,'10',0),('koyomimonogatari',11,0,0,0,'11',0),('koyomimonogatari',12,0,0,0,'12',0),('koyomimonogatari',13,0,0,0,'13',0),('kyojinchu',1,0,0,0,'1',0),('kyojinchu',2,0,0,0,'2',0),('kyojinchu',3,0,0,0,'3',0),('kyojinchu',4,0,0,0,'4',0),('kyojinchu',5,0,0,0,'5',0),('kyojinchu',6,0,0,0,'6',0),('kyojinchu',7,0,0,0,'7',0),('kyojinchu',8,0,0,0,'8',0),('kyojinchu',9,0,0,0,'9',0),('kyojinchu',10,0,0,0,'10',0),('kyojinchu',11,0,0,0,'11',0),('kyojinchu',12,0,0,0,'12',0),('lanceandmasques',1,0,0,0,'1',0),('lanceandmasques',2,0,0,0,'2',0),('lanceandmasques',3,0,0,0,'3',0),('lanceandmasques',4,0,0,0,'4',0),('lanceandmasques',5,0,0,0,'5',0),('lanceandmasques',6,0,0,0,'6',0),('lanceandmasques',7,0,0,0,'7',0),('lanceandmasques',8,0,0,0,'8',0),('lanceandmasques',9,0,0,0,'9',0),('lanceandmasques',10,0,0,0,'10',0),('lanceandmasques',11,0,0,0,'11',0),('lanceandmasques',12,0,0,0,'12',0),('luckandlogic',1,0,0,0,'1',0),('luckandlogic',2,0,0,0,'2',0),('luckandlogic',3,0,0,0,'3',0),('luckandlogic',4,0,0,0,'4',0),('luckandlogic',5,0,0,0,'5',0),('luckandlogic',6,0,0,0,'6',0),('luckandlogic',7,0,0,0,'7',0),('luckandlogic',8,0,0,0,'8',0),('luckandlogic',9,0,0,0,'9',0),('luckandlogic',10,0,0,0,'10',0),('luckandlogic',11,0,0,0,'11',0),('luckandlogic',12,0,0,0,'12',0),('luckandlogic',13,0,0,0,'13',0),('lupin2015',1,0,0,0,'1',0),('lupin2015',2,0,0,0,'2',0),('lupin2015',3,0,0,0,'3',0),('lupin2015',4,0,0,0,'4',0),('lupin2015',5,0,0,0,'5',0),('lupin2015',6,0,0,0,'6',0),('lupin2015',7,0,0,0,'7',0),('lupin2015',8,0,0,0,'8',0),('lupin2015',9,0,0,0,'9',0),('lupin2015',10,0,0,0,'10',0),('lupin2015',11,0,0,0,'11',0),('lupin2015',12,0,0,0,'12',0),('lupin2015',13,0,0,0,'13',0),('lupin2015',14,0,0,0,'14',0),('lupin2015',15,0,0,0,'15',0),('lupin2015',16,0,0,0,'16',0),('lupin2015',17,0,0,0,'17',0),('lupin2015',18,0,0,0,'18',0),('lupin2015',19,0,0,0,'19',0),('lupin2015',20,0,0,0,'20',0),('lupin2015',21,0,0,0,'21',0),('lupin2015',22,0,0,0,'22',0),('lupin2015',23,0,0,0,'23',0),('lupin2015',24,0,0,0,'24',0),('madoka',1,10,0,1,'1',0),('madoka',2,10,0,1,'2',0),('madoka',3,10,0,1,'3',0),('madoka',4,10,0,1,'4',0),('madoka',5,10,0,1,'5',0),('madoka',6,10,0,1,'6',0),('madoka',7,10,0,1,'7',0),('madoka',8,10,0,1,'8',0),('madoka',9,10,0,1,'9',0),('madoka',10,10,0,1,'10',0),('madoka',11,10,0,1,'11',0),('madoka',12,10,0,1,'12',0),('mikaguragakuen',1,0,0,0,'1',0),('mikaguragakuen',2,0,0,0,'2',0),('mikaguragakuen',3,0,0,0,'3',0),('mikaguragakuen',4,0,0,0,'4',0),('mikaguragakuen',5,0,0,0,'5',0),('mikaguragakuen',6,0,0,0,'6',0),('mikaguragakuen',7,0,0,0,'7',0),('mikaguragakuen',8,0,0,0,'8',0),('mikaguragakuen',9,0,0,0,'9',0),('mikaguragakuen',10,0,0,0,'10',0),('mikaguragakuen',11,0,0,0,'11',0),('mikaguragakuen',12,0,0,0,'12',0),('momokuri',1,0,0,0,'1',0),('momokuri',2,0,0,0,'2',0),('momokuri',3,0,0,0,'3',0),('momokuri',4,0,0,0,'4',0),('momokuri',5,0,0,0,'5',0),('momokuri',6,0,0,0,'6',0),('momokuri',7,0,0,0,'7',0),('momokuri',8,0,0,0,'8',0),('momokuri',9,0,0,0,'9',0),('momokuri',10,0,0,0,'10',0),('momokuri',11,0,0,0,'11',0),('momokuri',12,0,0,0,'12',0),('momokuri',13,0,0,0,'13',0),('monochrome3',1,0,0,0,'1',0),('monochrome3',2,0,0,0,'2',0),('monochrome3',3,0,0,0,'3',0),('monochrome3',4,0,0,0,'4',0),('monochrome3',5,0,0,0,'5',0),('monochrome3',6,0,0,0,'6',0),('monochrome3',7,0,0,0,'7',0),('monochrome3',8,0,0,0,'8',0),('monochrome3',9,0,0,0,'9',0),('monochrome3',10,0,0,0,'10',0),('monochrome3',11,0,0,0,'11',0),('monochrome3',12,0,0,0,'12',0),('monochrome3',13,0,0,0,'13',0),('mouiidesukara',1,0,0,0,'1',0),('mouiidesukara',2,0,0,0,'2',0),('mouiidesukara',3,0,0,0,'3',0),('mouiidesukara',4,0,0,0,'4',0),('mouiidesukara',5,0,0,0,'5',0),('mouiidesukara',6,0,0,0,'6',0),('mouiidesukara',7,0,0,0,'7',0),('mouiidesukara',8,0,0,0,'8',0),('mouiidesukara',9,0,0,0,'9',0),('mouiidesukara',10,0,0,0,'10',0),('mouiidesukara',11,0,0,0,'11',0),('mouiidesukara',12,0,0,0,'12',0),('mouiidesukara',13,0,0,0,'13',0),('nanoha-vivid',1,0,0,0,'1',0),('nanoha-vivid',2,0,0,0,'2',0),('nanoha-vivid',3,0,0,0,'3',0),('nanoha-vivid',4,0,0,0,'4',0),('nanoha-vivid',5,0,0,0,'5',0),('nanoha-vivid',6,0,0,0,'6',0),('nanoha-vivid',7,0,0,0,'7',0),('nanoha-vivid',8,0,0,0,'8',0),('nanoha-vivid',9,0,0,0,'9',0),('nanoha-vivid',10,0,0,0,'10',0),('nanoha-vivid',11,0,0,0,'11',0),('nanoha-vivid',12,0,0,0,'12',0),('nisekoi_2',1,0,0,0,'1',0),('nisekoi_2',2,0,0,0,'2',0),('nisekoi_2',3,0,0,0,'3',0),('nisekoi_2',4,0,0,0,'4',0),('nisekoi_2',5,0,0,0,'5',0),('nisekoi_2',6,0,0,0,'6',0),('nisekoi_2',7,0,0,0,'7',0),('nisekoi_2',8,0,0,0,'8',0),('nisekoi_2',9,0,0,0,'9',0),('nisekoi_2',10,0,0,0,'10',0),('nisekoi_2',11,0,0,0,'11',0),('nisekoi_2',12,0,0,0,'12',0),('noragami2',1,0,0,0,'1',0),('noragami2',2,0,0,0,'2',0),('noragami2',3,0,0,0,'3',0),('noragami2',4,0,0,0,'4',0),('noragami2',5,0,0,0,'5',0),('noragami2',6,0,0,0,'6',0),('noragami2',7,0,0,0,'7',0),('noragami2',8,0,0,0,'8',0),('noragami2',9,0,0,0,'9',0),('noragami2',10,0,0,0,'10',0),('noragami2',11,0,0,0,'11',0),('noragami2',12,0,0,0,'12',0),('noragami2',13,0,0,0,'13',0),('norn9',1,0,0,0,'1',0),('norn9',2,0,0,0,'2',0),('norn9',3,0,0,0,'3',0),('norn9',4,0,0,0,'4',0),('norn9',5,0,0,0,'5',0),('norn9',6,0,0,0,'6',0),('norn9',7,0,0,0,'7',0),('norn9',8,0,0,0,'8',0),('norn9',9,0,0,0,'9',0),('norn9',10,0,0,0,'10',0),('norn9',11,0,0,0,'11',0),('norn9',12,0,0,0,'12',0),('norn9',13,0,0,0,'13',0),('ojimasyu',1,0,0,0,'1',0),('ojimasyu',2,0,0,0,'2',0),('ojimasyu',3,0,0,0,'3',0),('ojimasyu',4,0,0,0,'4',0),('ojimasyu',5,0,0,0,'5',0),('ojimasyu',6,0,0,0,'6',0),('ojimasyu',7,0,0,0,'7',0),('ojimasyu',8,0,0,0,'8',0),('ojimasyu',9,0,0,0,'9',0),('ojimasyu',10,0,0,0,'10',0),('ojimasyu',11,0,0,0,'11',0),('ojimasyu',12,0,0,0,'12',0),('ojimasyu',13,0,0,0,'13',0),('onepunchman',1,0,0,0,'1',0),('onepunchman',2,0,0,0,'2',0),('onepunchman',3,0,0,0,'3',0),('onepunchman',4,0,0,0,'4',0),('onepunchman',5,0,0,0,'5',0),('onepunchman',6,0,0,0,'6',0),('onepunchman',7,0,0,0,'7',0),('onepunchman',8,0,0,0,'8',0),('onepunchman',9,0,0,0,'9',0),('onepunchman',10,0,0,0,'10',0),('onepunchman',11,0,0,0,'11',0),('onepunchman',12,0,0,0,'12',0),('ooyasan',1,0,0,0,'1',0),('ooyasan',2,0,0,0,'2',0),('ooyasan',3,0,0,0,'3',0),('ooyasan',4,0,0,0,'4',0),('ooyasan',5,0,0,0,'5',0),('ooyasan',6,0,0,0,'6',0),('ooyasan',7,0,0,0,'7',0),('ooyasan',8,0,0,0,'8',0),('ooyasan',9,0,0,0,'9',0),('ooyasan',10,0,0,0,'10',0),('ooyasan',11,0,0,0,'11',0),('ooyasan',12,0,0,0,'12',0),('ooyasan',13,0,0,0,'13',0),('oregairu_2',1,0,0,0,'1',0),('oregairu_2',2,0,0,0,'2',0),('oregairu_2',3,0,0,0,'3',0),('oregairu_2',4,0,0,0,'4',0),('oregairu_2',5,0,0,0,'5',0),('oregairu_2',6,0,0,0,'6',0),('oregairu_2',7,0,0,0,'7',0),('oregairu_2',8,0,0,0,'8',0),('oregairu_2',9,0,0,0,'9',0),('oregairu_2',10,0,0,0,'10',0),('oregairu_2',11,0,0,0,'11',0),('oregairu_2',12,0,0,0,'12',0),('oregairu_2',13,0,0,0,'13',0),('oremonogatari',1,0,0,0,'1',0),('oremonogatari',2,0,0,0,'2',0),('oremonogatari',3,0,0,0,'3',0),('oremonogatari',4,0,0,0,'4',0),('oremonogatari',5,0,0,0,'5',0),('oremonogatari',6,0,0,0,'6',0),('oremonogatari',7,0,0,0,'7',0),('oremonogatari',8,0,0,0,'8',0),('oremonogatari',9,0,0,0,'9',0),('oremonogatari',10,0,0,0,'10',0),('oremonogatari',11,0,0,0,'11',0),('oremonogatari',12,0,0,0,'12',0),('oremonogatari',13,0,0,0,'13',0),('oremonogatari',14,0,0,0,'14',0),('oremonogatari',15,0,0,0,'15',0),('oremonogatari',16,0,0,0,'16',0),('oremonogatari',17,0,0,0,'17',0),('oremonogatari',18,0,0,0,'18',0),('oremonogatari',19,0,0,0,'19',0),('oremonogatari',20,0,0,0,'20',0),('oremonogatari',21,0,0,0,'21',0),('oremonogatari',22,0,0,0,'22',0),('oremonogatari',23,0,0,0,'23',0),('oremonogatari',24,0,0,0,'24',0),('overlord',1,0,0,0,'1',0),('overlord',2,0,0,0,'2',0),('overlord',3,0,0,0,'3',0),('overlord',4,0,0,0,'4',0),('overlord',5,0,0,0,'5',0),('overlord',6,0,0,0,'6',0),('overlord',7,0,0,0,'7',0),('overlord',8,0,0,0,'8',0),('overlord',9,0,0,0,'9',0),('overlord',10,0,0,0,'10',0),('overlord',11,0,0,0,'11',0),('overlord',12,0,0,0,'12',0),('owarimonogatari',1,0,0,0,'1',0),('owarimonogatari',2,0,0,0,'2',0),('owarimonogatari',3,0,0,0,'3',0),('owarimonogatari',4,0,0,0,'4',0),('owarimonogatari',5,0,0,0,'5',0),('owarimonogatari',6,0,0,0,'6',0),('owarimonogatari',7,0,0,0,'7',0),('owarimonogatari',8,0,0,0,'8',0),('owarimonogatari',9,0,0,0,'9',0),('owarimonogatari',10,0,0,0,'10',0),('owarimonogatari',11,0,0,0,'11',0),('owarimonogatari',12,0,0,0,'12',0),('phantom-world',1,0,0,0,'1',0),('phantom-world',2,0,0,0,'2',0),('phantom-world',3,0,0,0,'3',0),('phantom-world',4,0,0,0,'4',0),('phantom-world',5,0,0,0,'5',0),('phantom-world',6,0,0,0,'6',0),('phantom-world',7,0,0,0,'7',0),('phantom-world',8,0,0,0,'8',0),('phantom-world',9,0,0,0,'9',0),('phantom-world',10,0,0,0,'10',0),('phantom-world',11,0,0,0,'11',0),('phantom-world',12,0,0,0,'12',0),('phantom-world',13,0,0,0,'13',0),('pla_memo',1,0,0,0,'1',0),('pla_memo',2,0,0,0,'2',0),('pla_memo',3,0,0,0,'3',0),('pla_memo',4,0,0,0,'4',0),('pla_memo',5,0,0,0,'5',0),('pla_memo',6,0,0,0,'6',0),('pla_memo',7,0,0,0,'7',0),('pla_memo',8,0,0,0,'8',0),('pla_memo',9,0,0,0,'9',0),('pla_memo',10,0,0,0,'10',0),('pla_memo',11,0,0,0,'11',0),('pla_memo',12,0,0,0,'12',0),('pla_memo',13,0,0,0,'13',0),('posa',1,0,1,0,'1',0),('posa',2,0,0,0,'2',0),('posa',3,0,0,0,'3',0),('posa',4,0,0,0,'4',0),('posa',5,0,0,0,'5',0),('posa',6,0,0,0,'6',0),('posa',7,0,0,0,'7',0),('posa',8,0,0,0,'8',0),('posa',9,0,0,0,'9',0),('posa',10,0,0,0,'10',0),('posa',11,0,0,0,'11',0),('posa',12,0,0,0,'12',0),('posa',13,0,0,0,'13',0),('prison-school',1,0,0,0,'1',0),('prison-school',2,0,0,0,'2',0),('prison-school',3,0,0,0,'3',0),('prison-school',4,0,0,0,'4',0),('prison-school',5,0,0,0,'5',0),('prison-school',6,0,0,0,'6',0),('prison-school',7,0,0,0,'7',0),('prison-school',8,0,0,0,'8',0),('prison-school',9,0,0,0,'9',0),('prison-school',10,0,0,0,'10',0),('prison-school',11,0,0,0,'11',0),('prison-school',12,0,0,0,'12',0),('pso2',1,0,0,0,'1',0),('pso2',2,0,0,0,'2',0),('pso2',3,0,0,0,'3',0),('pso2',4,0,0,0,'4',0),('pso2',5,0,0,0,'5',0),('pso2',6,0,0,0,'6',0),('pso2',7,0,0,0,'7',0),('pso2',8,0,0,0,'8',0),('pso2',9,0,0,0,'9',0),('pso2',10,0,0,0,'10',0),('pso2',11,0,0,0,'11',0),('pso2',12,0,0,0,'12',0),('pso2',13,0,0,0,'13',0),('punchline',1,0,0,0,'1',0),('punchline',2,0,0,0,'2',0),('punchline',3,0,0,0,'3',0),('punchline',4,0,0,0,'4',0),('punchline',5,0,0,0,'5',0),('punchline',6,0,0,0,'6',0),('punchline',7,0,0,0,'7',0),('punchline',8,0,0,0,'8',0),('punchline',9,0,0,0,'9',0),('punchline',10,0,0,0,'10',0),('punchline',11,0,0,0,'11',0),('punchline',12,0,0,0,'12',0),('rainbow-days',1,0,0,0,'1',0),('rainbow-days',2,0,0,0,'2',0),('rainbow-days',3,0,0,0,'3',0),('rainbow-days',4,0,0,0,'4',0),('rainbow-days',5,0,0,0,'5',0),('rainbow-days',6,0,0,0,'6',0),('rainbow-days',7,0,0,0,'7',0),('rainbow-days',8,0,0,0,'8',0),('rainbow-days',9,0,0,0,'9',0),('rainbow-days',10,0,0,0,'10',0),('rainbow-days',11,0,0,0,'11',0),('rainbow-days',12,0,0,0,'12',0),('rainbow-days',13,0,0,0,'13',0),('rakugoshinju',1,0,0,0,'1',0),('rakugoshinju',2,0,0,0,'2',0),('rakugoshinju',3,0,0,0,'3',0),('rakugoshinju',4,0,0,0,'4',0),('rakugoshinju',5,0,0,0,'5',0),('rakugoshinju',6,0,0,0,'6',0),('rakugoshinju',7,0,0,0,'7',0),('rakugoshinju',8,0,0,0,'8',0),('rakugoshinju',9,0,0,0,'9',0),('rakugoshinju',10,0,0,0,'10',0),('rakugoshinju',11,0,0,0,'11',0),('rakugoshinju',12,0,0,0,'12',0),('rakugoshinju',13,0,0,0,'13',0),('reikenzan',1,0,0,0,'1',0),('reikenzan',2,0,0,0,'2',0),('reikenzan',3,0,0,0,'3',0),('reikenzan',4,0,0,0,'4',0),('reikenzan',5,0,0,0,'5',0),('reikenzan',6,0,0,0,'6',0),('reikenzan',7,0,0,0,'7',0),('reikenzan',8,0,0,0,'8',0),('reikenzan',9,0,0,0,'9',0),('reikenzan',10,0,0,0,'10',0),('reikenzan',11,0,0,0,'11',0),('reikenzan',12,0,0,0,'12',0),('reikenzan',13,0,0,0,'13',0),('rekan',1,0,0,0,'1',0),('rekan',2,0,0,0,'2',0),('rekan',3,0,0,0,'3',0),('rekan',4,0,0,0,'4',0),('rekan',5,0,0,0,'5',0),('rekan',6,0,0,0,'6',0),('rekan',7,0,0,0,'7',0),('rekan',8,0,0,0,'8',0),('rekan',9,0,0,0,'9',0),('rekan',10,0,0,0,'10',0),('rekan',11,0,0,0,'11',0),('rekan',12,0,0,0,'12',0),('rekan',13,0,0,0,'13',0),('rinne',1,0,0,0,'1',0),('rinne',2,0,0,0,'2',0),('rinne',3,0,0,0,'3',0),('rinne',4,0,0,0,'4',0),('rinne',5,0,0,0,'5',0),('rinne',6,0,0,0,'6',0),('rinne',7,0,0,0,'7',0),('rinne',8,0,0,0,'8',0),('rinne',9,0,0,0,'9',0),('rinne',10,0,0,0,'10',0),('rinne',11,0,0,0,'11',0),('rinne',12,0,0,0,'12',0),('rinne',13,0,0,0,'13',0),('rinne',14,0,0,0,'14',0),('rinne',15,0,0,0,'15',0),('rinne',16,0,0,0,'16',0),('rinne',17,0,0,0,'17',0),('rinne',18,0,0,0,'18',0),('rinne',19,0,0,0,'19',0),('rinne',20,0,0,0,'20',0),('rinne',21,0,0,0,'21',0),('rinne',22,0,0,0,'22',0),('rinne',23,0,0,0,'23',0),('rinne',24,0,0,0,'24',0),('rinne',25,0,0,0,'25',0),('rokka',1,0,0,0,'1',0),('rokka',2,0,0,0,'2',0),('rokka',3,0,0,0,'3',0),('rokka',4,0,0,0,'4',0),('rokka',5,0,0,0,'5',0),('rokka',6,0,0,0,'6',0),('rokka',7,0,0,0,'7',0),('rokka',8,0,0,0,'8',0),('rokka',9,0,0,0,'9',0),('rokka',10,0,0,0,'10',0),('rokka',11,0,0,0,'11',0),('rokka',12,10,1,1,'12',0),('saijaku',1,0,0,0,'1',0),('saijaku',2,0,0,0,'2',0),('saijaku',3,0,0,0,'3',0),('saijaku',4,0,0,0,'4',0),('saijaku',5,0,0,0,'5',0),('saijaku',6,0,0,0,'6',0),('saijaku',7,0,0,0,'7',0),('saijaku',8,0,0,0,'8',0),('saijaku',9,0,0,0,'9',0),('saijaku',10,0,0,0,'10',0),('saijaku',11,0,0,0,'11',0),('saijaku',12,0,0,0,'12',0),('saijaku',13,0,0,0,'13',0),('saintseiya-gold',1,0,0,0,'1',0),('saintseiya-gold',2,0,0,0,'2',0),('saintseiya-gold',3,0,0,0,'3',0),('saintseiya-gold',4,0,0,0,'4',0),('saintseiya-gold',5,0,0,0,'5',0),('saintseiya-gold',6,0,0,0,'6',0),('saintseiya-gold',7,0,0,0,'7',0),('saintseiya-gold',8,0,0,0,'8',0),('saintseiya-gold',9,0,0,0,'9',0),('saintseiya-gold',10,0,0,0,'10',0),('saintseiya-gold',11,0,0,0,'11',0),('saintseiya-gold',12,0,0,0,'12',0),('saintseiya-gold',13,0,0,0,'13',0),('sakurakosan',1,0,0,0,'1',0),('sakurakosan',2,0,0,0,'2',0),('sakurakosan',3,0,0,0,'3',0),('sakurakosan',4,0,0,0,'4',0),('sakurakosan',5,0,0,0,'5',0),('sakurakosan',6,0,0,0,'6',0),('sakurakosan',7,0,0,0,'7',0),('sakurakosan',8,0,0,0,'8',0),('sakurakosan',9,0,0,0,'9',0),('sakurakosan',10,0,0,0,'10',0),('sakurakosan',11,0,0,0,'11',0),('sakurakosan',12,0,0,0,'12',0),('sb69',1,0,0,0,'1',0),('sb69',2,0,0,0,'2',0),('sb69',3,0,0,0,'3',0),('sb69',4,0,0,0,'4',0),('sb69',5,0,0,0,'5',0),('sb69',6,0,0,0,'6',0),('sb69',7,0,0,0,'7',0),('sb69',8,0,0,0,'8',0),('sb69',9,0,0,0,'9',0),('sb69',10,0,0,0,'10',0),('sb69',11,0,0,0,'11',0),('sb69',12,0,0,0,'12',0),('schwarzesmarken',1,0,0,0,'1',0),('schwarzesmarken',2,0,0,0,'2',0),('schwarzesmarken',3,0,0,0,'3',0),('schwarzesmarken',4,0,0,0,'4',0),('schwarzesmarken',5,0,0,0,'5',0),('schwarzesmarken',6,0,0,0,'6',0),('schwarzesmarken',7,0,0,0,'7',0),('schwarzesmarken',8,0,0,0,'8',0),('schwarzesmarken',9,0,0,0,'9',0),('schwarzesmarken',10,0,0,0,'10',0),('schwarzesmarken',11,0,0,0,'11',0),('schwarzesmarken',12,0,0,0,'12',0),('schwarzesmarken',13,0,0,0,'13',0),('sekkoboys',1,0,0,0,'1',0),('sekkoboys',2,0,0,0,'2',0),('sekkoboys',3,0,0,0,'3',0),('sekkoboys',4,0,0,0,'4',0),('sekkoboys',5,0,0,0,'5',0),('sekkoboys',6,0,0,0,'6',0),('sekkoboys',7,0,0,0,'7',0),('sekkoboys',8,0,0,0,'8',0),('sekkoboys',9,0,0,0,'9',0),('sekkoboys',10,0,0,0,'10',0),('sekkoboys',11,0,0,0,'11',0),('sekkoboys',12,0,0,0,'12',0),('sekkoboys',13,0,0,0,'13',0),('seraph',1,0,0,0,'1',0),('seraph',2,0,0,0,'2',0),('seraph',3,0,0,0,'3',0),('seraph',4,0,0,0,'4',0),('seraph',5,0,0,0,'5',0),('seraph',6,0,0,0,'6',0),('seraph',7,0,0,0,'7',0),('seraph',8,0,0,0,'8',0),('seraph',9,0,0,0,'9',0),('seraph',10,0,0,0,'10',0),('seraph',11,0,0,0,'11',0),('seraph',12,0,0,0,'12',0),('seraph2',1,0,0,0,'1',0),('seraph2',2,0,0,0,'2',0),('seraph2',3,0,0,0,'3',0),('seraph2',4,0,0,0,'4',0),('seraph2',5,0,0,0,'5',0),('seraph2',6,0,0,0,'6',0),('seraph2',7,0,0,0,'7',0),('seraph2',8,0,0,0,'8',0),('seraph2',9,0,0,0,'9',0),('seraph2',10,0,0,0,'10',0),('seraph2',11,0,0,0,'11',0),('seraph2',12,0,0,0,'12',0),('shimoseka',1,3,0,0,'1',0),('shimoseka',2,6.5,0,0,'2',0),('shimoseka',3,3,0,0,'3',0),('shimoseka',4,6,0,0,'4',0),('shimoseka',5,5.5,0,0,'5',0),('shimoseka',6,9,0,0,'6',0),('shimoseka',7,6.5,0,0,'7',0),('shimoseka',8,6,0,2,'8',0),('shimoseka',9,0,0,0,'9',0),('shimoseka',10,0,0,0,'10',0),('shimoseka',11,0,0,0,'11',0),('shimoseka',12,0,0,0,'12',0),('shinmaimaou2',1,0,0,0,'1',0),('shinmaimaou2',2,0,0,0,'2',0),('shinmaimaou2',3,0,0,0,'3',0),('shinmaimaou2',4,0,0,0,'4',0),('shinmaimaou2',5,0,0,0,'5',0),('shinmaimaou2',6,0,0,0,'6',0),('shinmaimaou2',7,0,0,0,'7',0),('shinmaimaou2',8,0,0,0,'8',0),('shinmaimaou2',9,0,0,0,'9',0),('shinmaimaou2',10,0,0,0,'10',0),('shokomeza',1,0,0,0,'1',0),('shokomeza',2,0,0,0,'2',0),('shokomeza',3,0,0,0,'3',0),('shokomeza',4,0,0,0,'4',0),('shokomeza',5,0,0,0,'5',0),('shokomeza',6,0,0,0,'6',0),('shokomeza',7,0,0,0,'7',0),('shokomeza',8,0,0,0,'8',0),('shokomeza',9,0,0,0,'9',0),('shokomeza',10,0,0,0,'10',0),('shokomeza',11,0,0,0,'11',0),('shokomeza',12,0,0,0,'12',0),('shokomeza',13,0,0,0,'13',0),('shokugeki',1,0,0,0,'1',0),('shokugeki',2,0,0,0,'2',0),('shokugeki',3,0,0,0,'3',0),('shokugeki',4,0,0,0,'4',0),('shokugeki',5,0,0,0,'5',0),('shokugeki',6,0,0,0,'6',0),('shokugeki',7,0,0,0,'7',0),('shokugeki',8,0,0,0,'8',0),('shokugeki',9,0,0,0,'9',0),('shokugeki',10,0,0,0,'10',0),('shokugeki',11,0,0,0,'11',0),('shokugeki',12,0,0,0,'12',0),('shokugeki',13,0,0,0,'13',0),('shokugeki',14,0,0,0,'14',0),('shokugeki',15,0,0,0,'15',0),('shokugeki',16,0,0,0,'16',0),('shokugeki',17,0,0,0,'17',0),('shokugeki',18,0,0,0,'18',0),('shokugeki',19,0,0,0,'19',0),('shokugeki',20,0,0,0,'20',0),('shokugeki',21,0,0,0,'21',0),('shokugeki',22,0,0,0,'22',0),('shokugeki',23,0,0,0,'23',0),('shokugeki',24,0,0,0,'24',0),('sidonia',1,0,0,0,'1',0),('sidonia',2,0,0,0,'2',0),('sidonia',3,0,0,0,'3',0),('sidonia',4,0,0,0,'4',0),('sidonia',5,0,0,0,'5',0),('sidonia',6,0,0,0,'6',0),('sidonia',7,0,0,0,'7',0),('sidonia',8,0,0,0,'8',0),('sidonia',9,0,0,0,'9',0),('sidonia',10,0,0,0,'10',0),('sidonia',11,0,0,0,'11',0),('sidonia',12,0,0,0,'12',0),('soma',1,3,0,1,'1',0),('soma',2,0,0,0,'2',0),('soma',3,0,0,0,'3',0),('soma',4,0,0,0,'4',0),('soma',5,0,0,0,'5',0),('soma',6,0,0,0,'6',0),('soma',7,2,0,1,'7',0),('soma',8,3,0,1,'8',0),('soma',9,0,0,0,'9',0),('soma',10,0,0,0,'10',0),('soma',11,0,0,0,'11',0),('soma',12,0,0,0,'12',0),('soma',13,0,0,0,'13',0),('soma',14,0,0,0,'14',0),('soma',15,0,0,0,'15',0),('soma',16,0,0,0,'16',0),('soma',17,0,0,0,'17',0),('soma',18,0,0,0,'18',0),('soma',19,0,0,0,'19',0),('soma',20,0,0,0,'20',0),('soma',21,0,0,0,'21',0),('soma',22,0,0,0,'22',0),('soma',23,0,0,0,'23',0),('soma',24,10,0,1,'24',0),('subaru',1,0,0,0,'1',0),('subaru',2,0,0,0,'2',0),('subaru',3,0,0,0,'3',0),('subaru',4,0,0,0,'4',0),('subaru',5,0,0,0,'5',0),('subaru',6,0,0,0,'6',0),('subaru',7,0,0,0,'7',0),('subaru',8,0,0,0,'8',0),('subaru',9,0,0,0,'9',0),('subaru',10,0,0,0,'10',0),('subaru',11,0,0,0,'11',0),('subaru',12,0,0,0,'12',0),('syominsample',1,0,0,0,'1',0),('syominsample',2,0,0,0,'2',0),('syominsample',3,0,0,0,'3',0),('syominsample',4,0,0,0,'4',0),('syominsample',5,0,0,0,'5',0),('syominsample',6,0,0,0,'6',0),('syominsample',7,0,0,0,'7',0),('syominsample',8,0,0,0,'8',0),('syominsample',9,0,0,0,'9',0),('syominsample',10,0,0,0,'10',0),('syominsample',11,0,0,0,'11',0),('syominsample',12,0,0,0,'12',0),('triagex',1,0,0,0,'1',0),('triagex',2,0,0,0,'2',0),('triagex',3,0,0,0,'3',0),('triagex',4,0,0,0,'4',0),('triagex',5,0,0,0,'5',0),('triagex',6,0,0,0,'6',0),('triagex',7,0,0,0,'7',0),('triagex',8,0,0,0,'8',0),('triagex',9,0,0,0,'9',0),('triagex',10,0,0,0,'10',0),('umaru',1,7,1,6,'1',0),('umaru',2,8.4,0,5,'2',0),('umaru',3,7.2,0,6,'3',0),('umaru',4,7.4,0,5,'4',0),('umaru',5,8.5,0,4,'5',0),('umaru',6,7.8,0,4,'6',1),('umaru',7,9.3,0,4,'7',0),('umaru',8,8.4,0,5,'8',0),('umaru',9,10,1,3,'9',0),('umaru',10,8.3,0,4,'10',0),('umaru',11,9.3,0,4,'11',0),('umaru',12,10,1,1,'12',0),('utapri_3',1,0,0,0,'1',0),('utapri_3',2,0,0,0,'2',0),('utapri_3',3,0,0,0,'3',0),('utapri_3',4,0,0,0,'4',0),('utapri_3',5,0,0,0,'5',0),('utapri_3',6,0,0,0,'6',0),('utapri_3',7,0,0,0,'7',0),('utapri_3',8,0,0,0,'8',0),('utapri_3',9,0,0,0,'9',0),('utapri_3',10,0,0,0,'10',0),('utapri_3',11,0,0,0,'11',0),('utapri_3',12,0,0,0,'12',0),('utapri_3',13,0,0,0,'13',0),('utawarerumono2',1,0,0,0,'1',0),('utawarerumono2',2,0,0,0,'2',0),('utawarerumono2',3,0,0,0,'3',0),('utawarerumono2',4,0,0,0,'4',0),('utawarerumono2',5,0,0,0,'5',0),('utawarerumono2',6,0,0,0,'6',0),('utawarerumono2',7,0,0,0,'7',0),('utawarerumono2',8,0,0,0,'8',0),('utawarerumono2',9,0,0,0,'9',0),('utawarerumono2',10,0,0,0,'10',0),('utawarerumono2',11,0,0,0,'11',0),('utawarerumono2',12,0,0,0,'12',0),('utawarerumono2',13,0,0,0,'13',1),('utawarerumono2',14,0,0,0,'14',0),('utawarerumono2',15,0,0,0,'15',0),('utawarerumono2',16,0,0,0,'16',0),('utawarerumono2',17,0,0,0,'17',0),('utawarerumono2',18,0,0,0,'18',0),('utawarerumono2',19,0,0,0,'19',0),('utawarerumono2',20,0,0,0,'20',0),('utawarerumono2',21,0,0,0,'21',0),('utawarerumono2',22,0,0,0,'22',0),('utawarerumono2',23,0,0,0,'23',0),('utawarerumono2',24,0,0,0,'24',0),('utawarerumono2',25,0,0,0,'25',0),('valkyriedrive',1,0,0,0,'1',0),('valkyriedrive',2,0,0,0,'2',0),('valkyriedrive',3,0,0,0,'3',0),('valkyriedrive',4,0,0,0,'4',0),('valkyriedrive',5,0,0,0,'5',0),('valkyriedrive',6,0,0,0,'6',0),('valkyriedrive',7,0,0,0,'7',0),('valkyriedrive',8,0,0,0,'8',0),('valkyriedrive',9,0,0,0,'9',0),('valkyriedrive',10,0,0,0,'10',0),('valkyriedrive',11,0,0,0,'11',0),('valkyriedrive',12,0,0,0,'12',0),('yamajo',1,0,0,0,'1',0),('yamajo',2,0,0,0,'2',0),('yamajo',3,0,0,0,'3',0),('yamajo',4,0,0,0,'4',0),('yamajo',5,0,0,0,'5',0),('yamajo',6,0,0,0,'6',0),('yamajo',7,0,0,0,'7',0),('yamajo',8,0,0,0,'8',0),('yamajo',9,0,0,0,'9',0),('yamajo',10,0,0,0,'10',0),('yamajo',11,0,0,0,'11',0),('yamajo',12,0,0,0,'12',0),('yosuga',1,0,0,0,'1',0),('yosuga',2,0,0,0,'2',0),('yosuga',3,0,0,0,'3',0),('yosuga',4,0,0,0,'4',0),('yosuga',5,0,0,0,'5',0),('yosuga',6,0,0,0,'6',0),('yosuga',7,0,0,0,'7',0),('yosuga',8,0,0,0,'8',0),('yosuga',9,0,0,0,'9',0),('yosuga',10,0,0,0,'10',0),('yosuga',11,0,0,0,'11',0),('yosuga',12,0,0,0,'12',0),('young-black-jack',1,0,0,0,'1',0),('young-black-jack',2,0,0,0,'2',0),('young-black-jack',3,0,0,0,'3',0),('young-black-jack',4,0,0,0,'4',0),('young-black-jack',5,0,0,0,'5',0),('young-black-jack',6,0,0,0,'6',0),('young-black-jack',7,0,0,0,'7',0),('young-black-jack',8,0,0,0,'8',0),('young-black-jack',9,0,0,0,'9',0),('young-black-jack',10,0,0,0,'10',0),('young-black-jack',11,0,0,0,'11',0),('young-black-jack',12,0,0,0,'12',0),('yuki-chan',1,0,0,0,'1',0),('yuki-chan',2,0,0,0,'2',0),('yuki-chan',3,0,0,0,'3',0),('yuki-chan',4,0,0,0,'4',0),('yuki-chan',5,0,0,0,'5',0),('yuki-chan',6,0,0,0,'6',0),('yuki-chan',7,0,0,0,'7',0),('yuki-chan',8,0,0,0,'8',0),('yuki-chan',9,0,0,0,'9',0),('yuki-chan',10,0,0,0,'10',0),('yuki-chan',11,0,0,0,'11',0),('yuki-chan',12,0,0,0,'12',0),('yuki-chan',13,0,0,0,'13',0),('yuki-chan',14,0,0,0,'14',0),('yuki-chan',15,0,0,0,'15',0),('yuki-chan',16,0,0,0,'16',0),('yuruyuri3',1,0,0,0,'1',0),('yuruyuri3',2,0,0,0,'2',0),('yuruyuri3',3,0,0,0,'3',0),('yuruyuri3',4,0,0,0,'4',0),('yuruyuri3',5,0,0,0,'5',0),('yuruyuri3',6,0,0,0,'6',0),('yuruyuri3',7,0,0,0,'7',0),('yuruyuri3',8,0,0,0,'8',0),('yuruyuri3',9,0,0,0,'9',0),('yuruyuri3',10,0,0,0,'10',0),('yuruyuri3',11,0,0,0,'11',0),('yuruyuri3',12,0,0,0,'12',0),('yuyuyu',1,4,0,0,'1',0),('yuyuyu',2,0,0,0,'2',0),('yuyuyu',3,0,0,0,'3',0),('yuyuyu',4,0,0,0,'4',0),('yuyuyu',5,0,0,0,'5',0),('yuyuyu',6,0,0,0,'6',0),('yuyuyu',7,0,0,0,'7',0),('yuyuyu',8,0,0,0,'8',0),('yuyuyu',9,0,1,0,'9',0),('yuyuyu',10,0,0,0,'10',0),('yuyuyu',11,0,0,0,'11',0),('yuyuyu',12,0,0,0,'12',0);
/*!40000 ALTER TABLE `episode` ENABLE KEYS */;
UNLOCK TABLES;

--
-- Dumping data for table `rank`
--

LOCK TABLES `rank` WRITE;
/*!40000 ALTER TABLE `rank` DISABLE KEYS */;
INSERT INTO `rank` VALUES ('madoka','魔法少女小圓','http://p2.bahamut.com.tw/B/2KU/32/0000547532.JPG','2011wi',20.0),('gurren-lagann','天元突破 紅蓮螺巖','http://3.blog.xuite.net/3/2/b/3/11850051/blog_37743/txt/14533838/0.jpg','2007sp',19.3),('umaru','干物妹！小埋','img/test.jpg','2015su',17.5),('shimoseka','下流梗不存在的灰暗世界','img/test3.jpg','2015su',14.7),('charlotte','Charlotte','http://i.imgur.com/YMDqbXq.jpg','2015su',13.9),('yuyuyu','結城友奈是勇者','img/test2.jpg','2014au',10.5),('rokka','六花的勇者','http://truth.bahamut.com.tw/s01/201506/116390ff5401cbab25743ada5873cfce.JPG','2015su',10.0),('aldnoah-zero','ALDNOAH．ZERO','http://k31.kn3.net/taringa/2/4/5/9/5/6/38/jeann96/95B.jpg','2014su',10.0),('gate_fantasy','GATE 奇幻自衛隊','http://img1.ak.crunchyroll.com/i/spire4/85a5d8cc2972ae422158be7069076be41435868848_full.png','2015su',8.6),('dagashi','粗點心戰爭','http://www.tbs.co.jp/anime/dagashi/images/bg_topimage.jpg','2016wi',8.0),('komugir','魔法護士小麥R','https://pbs.twimg.com/media/CUPlIwnUsAAqksj.jpg:large','2016wi',8.0),('koyomimonogatari','暦物語','https://pbs.twimg.com/media/CWo-d7hU4AAqImn.jpg:small','2016wi',8.0),('konosuba','為美好的世界獻上祝福！','http://konosuba.com/news/img/20151125.jpg','2016wi',7.0),('ansatsu','暗殺教室 第2期','https://pbs.twimg.com/media/CXZEQbJUEAARptR.jpg:large','2016wi',6.0),('arslan','亞爾斯蘭戰記','http://p2.bahamut.com.tw/M/2KU/67/0001119567.JPG','2015sp',6.0),('gundam-tekketsu','機動戰士高達 鐵血的孤兒','https://na.cx/i/Cj89ba.jpg','2015au;2016wi',6.0),('illya-2herz','魔法少女☆伊莉雅 2wei Herz！','http://www.mxtv.co.jp/bangumilist2/11811_webreco.jpg','2015su',6.0),('activeraid','Active Raid -機動強襲室第八班-','http://activeraid.net/user_data/packages/default/img/main_t.jpg','2016wi',6.0),('haikyu2','排球少年!! 第2期','https://na.cx/i/6q3w96.jpg','2015au;2016wi',5.3),('godeater','噬神者','http://anime.godeater.jp/blog/wp-content/themes/anime-godeater/images/top/bgPhoto.jpg','2015su',5.1),('soma','食戟之靈','http://icdb-images.b0.upaiyun.com/icdb/pics/17732.jpg','2015sp',4.5);
/*!40000 ALTER TABLE `rank` ENABLE KEYS */;
UNLOCK TABLES;

--
-- Dumping data for table `rate_anime`
--

LOCK TABLES `rate_anime` WRITE;
/*!40000 ALTER TABLE `rate_anime` DISABLE KEYS */;
INSERT INTO `rate_anime` VALUES ('35shoutai',26,10),('35shoutai',39,8),('anitore',26,5),('charlotte',39,6),('charlotte',78,10),('gakkougurashi',3,6),('gurren-lagann',3,10),('gurren-lagann',15,10),('gurren-lagann',18,-1),('madoka',4,10),('umaru',4,9),('yuyuyu',3,9),('yuyuyu',4,4);
/*!40000 ALTER TABLE `rate_anime` ENABLE KEYS */;
UNLOCK TABLES;

--
-- Dumping data for table `rate_episode`
--

LOCK TABLES `rate_episode` WRITE;
/*!40000 ALTER TABLE `rate_episode` DISABLE KEYS */;
INSERT INTO `rate_episode` VALUES (1,8,'umaru',1),(3,10,'aldnoah-zero',1),(3,10,'aldnoah-zero',2),(3,10,'arslan',3),(3,9,'charlotte',7),(3,5,'charlotte',8),(3,10,'charlotte',9),(3,7,'charlotte',10),(3,1,'charlotte',11),(3,5,'charlotte',12),(3,10,'dagashi',1),(3,4,'godeater',1),(3,5,'godeater',2),(3,7,'godeater',3),(3,5,'godeater',6),(3,1,'gundam-tekketsu',12),(3,10,'gurren-lagann',1),(3,10,'gurren-lagann',2),(3,10,'gurren-lagann',3),(3,9,'gurren-lagann',4),(3,10,'gurren-lagann',5),(3,9,'haikyu2',13),(3,-1,'illya-2herz',3),(3,6,'komugir',1),(3,7,'konosuba',1),(3,8,'koyomimonogatari',1),(3,2,'shimoseka',1),(3,10,'shimoseka',4),(3,10,'shimoseka',5),(3,9,'shimoseka',6),(3,7,'shimoseka',7),(3,8,'shimoseka',8),(3,8,'umaru',2),(3,10,'umaru',3),(3,4,'umaru',4),(3,10,'umaru',7),(3,10,'umaru',8),(3,10,'umaru',9),(3,5,'umaru',10),(3,-1,'umaru',12),(4,5,'charlotte',1),(4,9,'charlotte',2),(4,8,'charlotte',3),(4,1,'charlotte',4),(4,7,'charlotte',5),(4,1,'charlotte',11),(4,6,'gate_fantasy',1),(4,-1,'gate_fantasy',2),(4,8,'gate_fantasy',3),(4,10,'gate_fantasy',4),(4,10,'gate_fantasy',5),(4,10,'gate_fantasy',6),(4,10,'gate_fantasy',7),(4,10,'gate_fantasy',8),(4,4,'godeater',1),(4,4,'godeater',2),(4,6,'godeater',3),(4,5,'godeater',4),(4,6,'godeater',6),(4,4,'godeater',7),(4,7,'godeater',8),(4,3,'godeater',10),(4,5,'gurren-lagann',1),(4,5,'illya-2herz',1),(4,4,'illya-2herz',2),(4,10,'madoka',1),(4,10,'madoka',2),(4,10,'madoka',3),(4,10,'madoka',4),(4,10,'madoka',5),(4,10,'madoka',6),(4,10,'madoka',7),(4,10,'madoka',8),(4,10,'madoka',9),(4,10,'madoka',10),(4,10,'madoka',11),(4,10,'madoka',12),(4,5,'shimoseka',1),(4,7,'shimoseka',2),(4,4,'shimoseka',3),(4,7,'shimoseka',4),(4,8,'umaru',1),(4,7,'umaru',2),(4,4,'umaru',3),(4,3,'umaru',4),(4,6,'umaru',6),(4,3,'umaru',8),(6,-1,'umaru',1),(14,7,'arslan',1),(14,4,'arslan',2),(14,6,'charlotte',1),(14,7,'charlotte',2),(14,3,'godeater',1),(14,6,'godeater',2),(14,-1,'godeater',3),(14,7,'godeater',4),(14,2,'shimoseka',1),(14,6,'shimoseka',2),(14,2,'shimoseka',3),(14,1,'shimoseka',4),(14,1,'shimoseka',5),(14,6,'shimoseka',7),(14,4,'shimoseka',8),(14,5,'umaru',1),(14,7,'umaru',2),(14,5,'umaru',3),(14,10,'umaru',4),(14,7,'umaru',5),(14,5,'umaru',6),(14,7,'umaru',7),(14,9,'umaru',8),(14,4,'yuyuyu',1),(15,6,'arslan',21),(15,1,'charlotte',5),(15,2,'godeater',1),(17,10,'umaru',1),(17,10,'umaru',2),(17,10,'umaru',3),(17,10,'umaru',4),(17,10,'umaru',5),(17,10,'umaru',6),(17,10,'umaru',7),(17,10,'umaru',8),(17,10,'umaru',9),(17,10,'umaru',10),(17,10,'umaru',11),(17,-1,'yuyuyu',9),(20,3,'charlotte',1),(25,9,'charlotte',1),(25,4,'umaru',3),(25,7,'umaru',5),(25,-1,'umaru',9),(25,8,'umaru',10),(25,7,'umaru',11),(26,4,'gundam-tekketsu',5),(27,6,'gate_fantasy',1),(27,1,'umaru',1),(27,10,'umaru',11),(30,2,'soma',7),(30,3,'soma',8),(30,10,'soma',24),(36,10,'umaru',1),(36,10,'umaru',2),(36,10,'umaru',3),(36,10,'umaru',4),(36,10,'umaru',5),(36,10,'umaru',6),(36,10,'umaru',7),(36,10,'umaru',8),(36,10,'umaru',9),(36,10,'umaru',10),(36,10,'umaru',11),(36,10,'umaru',12),(39,9,'charlotte',1),(39,6,'dagashi',1),(39,-1,'dg',1),(39,5,'gate_fantasy',12),(39,1,'haikyu2',1),(39,4,'haikyu2',2),(39,7,'haikyu2',3),(39,7,'haikyu2',4),(39,4,'haikyu2',5),(39,-1,'posa',1),(39,-1,'rokka',12),(60,1,'arslan',1),(60,3,'soma',1),(74,9,'illya-2herz',9),(74,10,'rokka',12),(78,10,'gundam-tekketsu',1),(78,9,'gundam-tekketsu',2),(78,10,'gundam-tekketsu',3),(78,9,'gundam-tekketsu',4),(78,10,'gundam-tekketsu',5),(78,8,'gundam-tekketsu',6),(78,9,'gundam-tekketsu',7),(78,9,'gundam-tekketsu',8),(78,10,'gundam-tekketsu',9),(78,10,'gundam-tekketsu',10),(78,9,'gundam-tekketsu',11),(78,10,'gundam-tekketsu',12),(78,8,'gundam-tekketsu',13),(78,10,'gundam-tekketsu',14),(79,10,'komugir',1),(80,1,'gundam-tekketsu',1),(80,1,'gundam-tekketsu',2),(80,1,'gundam-tekketsu',7),(80,1,'gundam-tekketsu',8),(80,1,'gundam-tekketsu',9),(80,1,'gundam-tekketsu',10),(80,1,'gundam-tekketsu',11),(80,1,'gundam-tekketsu',12),(80,1,'gundam-tekketsu',13),(80,1,'gundam-tekketsu',14),(86,6,'ansatsu',1),(87,6,'activeraid',1);
/*!40000 ALTER TABLE `rate_episode` ENABLE KEYS */;
UNLOCK TABLES;

--
-- Dumping data for table `staff`
--

LOCK TABLES `staff` WRITE;
/*!40000 ALTER TABLE `staff` DISABLE KEYS */;
INSERT INTO `staff` VALUES ('Imaishi_Hiroyuki','今石洋之');
/*!40000 ALTER TABLE `staff` ENABLE KEYS */;
UNLOCK TABLES;

--
-- Dumping data for table `type`
--

LOCK TABLES `type` WRITE;
/*!40000 ALTER TABLE `type` DISABLE KEYS */;
INSERT INTO `type` VALUES ('奇幻'),('搞笑'),('日常');
/*!40000 ALTER TABLE `type` ENABLE KEYS */;
UNLOCK TABLES;

--
-- Dumping data for table `user`
--

LOCK TABLES `user` WRITE;
/*!40000 ALTER TABLE `user` DISABLE KEYS */;
INSERT INTO `user` VALUES (1,'tommy','123','123','2015-08-20 03:40:06',1,'https://pbs.twimg.com/profile_images/476169263305457665/I8QlqUVh.jpeg'),(3,'qqwq','$2a$10$u/gxj/C12joJ.ZX68WozXe7rmEqW/vVmg1B6YJlAsXhn6WQorv9mO','321','2015-08-20 03:40:32',0,'https://pbs.twimg.com/profile_images/476169263305457665/I8QlqUVh.jpeg'),(4,'tommy123','123','123@org.hk','2015-08-20 05:53:39',1,'https://pbs.twimg.com/profile_images/476169263305457665/I8QlqUVh.jpeg'),(6,'hhh','fffffff','jimmyto1003@gmail.com','2015-08-20 13:33:05',1,'https://pbs.twimg.com/profile_images/476169263305457665/I8QlqUVh.jpeg'),(7,'hhhh','pikachu','hello@gmail.com','2015-08-20 13:36:16',1,'https://pbs.twimg.com/profile_images/476169263305457665/I8QlqUVh.jpeg'),(8,'wwqw','123','gsdg@dxg','2015-08-20 13:41:55',1,'https://pbs.twimg.com/profile_images/476169263305457665/I8QlqUVh.jpeg'),(12,'yoo','456','123@org','2015-09-01 01:44:45',1,'https://pbs.twimg.com/profile_images/476169263305457665/I8QlqUVh.jpeg'),(14,'foo','123','foo@org.hk','2015-09-01 02:14:57',1,'https://pbs.twimg.com/profile_images/476169263305457665/I8QlqUVh.jpeg'),(15,'ivanhoe0523','doraemon','p3b5@msn.com','2015-09-01 08:15:50',1,'https://pbs.twimg.com/profile_images/476169263305457665/I8QlqUVh.jpeg'),(16,'김정은','nk','kim@gov.nk','2015-09-02 04:13:46',1,'https://pbs.twimg.com/profile_images/476169263305457665/I8QlqUVh.jpeg'),(17,'bigtits123','bigtits123','g10295121@trbvm.com','2015-09-09 13:52:40',1,'https://pbs.twimg.com/profile_images/476169263305457665/I8QlqUVh.jpeg'),(18,'TedChow','whatcanisay','abc@dfg.com','2015-09-09 14:10:15',1,'https://encrypted-tbn0.gstatic.com/images?q=tbn:ANd9GcRHLwbXZx2Vxtepr-No19vREVGTIpTRjgppgF9UM5uDJSEY45PBsWR7aLU'),(19,'うまる','umaru','umaru@gmail.jp','2015-09-10 02:29:36',1,'https://pbs.twimg.com/profile_images/476169263305457665/I8QlqUVh.jpeg'),(20,'Simon','password','advcl06@gmail.com','2015-09-13 16:20:19',1,'https://pbs.twimg.com/profile_images/476169263305457665/I8QlqUVh.jpeg'),(21,'TingYa','ivanholeworkinghour:1730-1830','TingYa@ha.org.hk','2015-09-17 08:53:41',1,'https://pbs.twimg.com/profile_images/476169263305457665/I8QlqUVh.jpeg'),(22,'encrypt','$2a$10$urPeUXsF9doOGKX.gvZGnO5WCgvCkfI3kc','enc@org.hk','2015-09-17 12:57:43',1,'https://pbs.twimg.com/profile_images/476169263305457665/I8QlqUVh.jpeg'),(23,'123456','$2a$10$BD.qXWzdU0.FjgGghrh/jeo6eTzOi4BbHr','123@org.ip','2015-09-17 13:04:54',1,'https://pbs.twimg.com/profile_images/476169263305457665/I8QlqUVh.jpeg'),(24,'tommy456','$2a$10$iM13f2Ma6IAELfQdCSPI3.89cMgdFXMTMlmVINR.j2g7ILfDCsIMC','123456@otg.hk','2015-09-17 13:09:06',1,'https://pbs.twimg.com/profile_images/476169263305457665/I8QlqUVh.jpeg'),(25,'tommy428428','123','tommy@cityu.edu.hk','2015-09-17 13:13:04',0,'http://oi61.tinypic.com/29epqna.jpg'),(26,'qqzq','$2a$10$u/gxj/C12joJ.ZX68WozXe7rmEqW/vVmg1B6YJlAsXhn6WQorv9mO','wdfwdf@dfsdf','2015-09-17 13:15:06',0,'https://pbs.twimg.com/profile_images/476169263305457665/I8QlqUVh.jpeg'),(27,'MrTingYa','$2a$10$xI/y0NtCv5WzvLBmov1sa.yFU8UWb7WoZXnimbLyIpVDWHLARAQIq','ivanholeOT@1730to1830.ha','2015-09-17 15:11:47',0,'https://media.giphy.com/media/fRB9j0KCRe0KY/giphy.gif'),(28,'Pikachu','$2a$10$8yOoqeZjfpTGhySU0b2YIukktcJQXxt0mO0EcL.bFQ9pbhYviEzzq','jdjdjdhdh@gmail.com','2015-09-18 04:43:32',0,'https://pbs.twimg.com/profile_images/476169263305457665/I8QlqUVh.jpeg'),(29,'cat','$2a$10$1OBjzxGELHRVc62PHmEVvuNC079QjOH6.ggYGy60ghO7tug6./d6u','what@gmail.com','2015-09-18 06:33:10',0,'https://pbs.twimg.com/profile_images/476169263305457665/I8QlqUVh.jpeg'),(30,'ivanhoe','$2a$10$pUNtZo0kJF2Ti8X1KR5ahOPI9GM6PU6Z..v.qkBViaapACl2DXtZK','abc@bcd.com','2015-09-18 09:15:09',0,'https://pbs.twimg.com/profile_images/476169263305457665/I8QlqUVh.jpeg'),(31,'tommy1234','$2a$10$3rq/h.GTifXjV7hpdtIQAuftAMflUQXFfiafRYP6S7dWg.qZgzzYS','1234@org.hk','2015-09-18 11:36:56',0,'https://pbs.twimg.com/profile_images/476169263305457665/I8QlqUVh.jpeg'),(32,'testing','$2a$10$xQTarUW3/gAWQC9VCFsOzegMnimtSWAGdYc7VlN94UndignUlTt1y','mtchan@joeyuen.com','2015-09-18 16:00:18',0,'https://pbs.twimg.com/profile_images/476169263305457665/I8QlqUVh.jpeg'),(33,'ad','$2a$10$wony1XbCENSvsX7rmSgrsujRxLWhMOUSzlLj4lq8GU9gF4lFQqWRK','1@2.com','2015-09-18 16:02:21',0,'https://pbs.twimg.com/profile_images/476169263305457665/I8QlqUVh.jpeg'),(34,'gh','$2a$10$/BQGoNoaLfcncior10dEg.b1Jdu97Sc1i8wX.cAtnzAtc4JuyFBGu','44@44.com','2015-09-19 10:39:27',0,'https://pbs.twimg.com/profile_images/476169263305457665/I8QlqUVh.jpeg'),(35,'qwqw','$2a$10$/L6yu7rcSdumGBSPVJPIFeAyuY/g5xsVYrmBsUUSMxMHP77NEHkvq','sdgdg@fsg.com','2015-09-19 13:41:35',0,'https://pbs.twimg.com/profile_images/476169263305457665/I8QlqUVh.jpeg'),(36,'bigtits0123','$2a$10$To5MBfNnrZGelwctlAHCzOf3rXoxv876cUUOi9FY7WsqNl2YLVd5y','bigtits@tommyjai.com','2015-09-21 02:31:17',0,'http://i.imgur.com/pfO0uQU.gif'),(37,'tommy1122004','$2a$10$g9og/JkDGFGTnnyC..4rk./s65kNFVtsqiCgpJ9X4xQAuHCp6V6du','tommy123@ha.org.hk','2015-09-22 02:35:44',0,'https://pbs.twimg.com/profile_images/476169263305457665/I8QlqUVh.jpeg'),(38,'tommy1122005','$2a$10$Zad5HbVxqgsjMj2jkL3x2.oHAISR4RXgkWeSDvZUXuXAqMhP8gW5a','tommy1234@ha.org.hk','2015-09-22 03:31:57',0,'https://pbs.twimg.com/profile_images/476169263305457665/I8QlqUVh.jpeg'),(39,'lhy634','$2a$10$VS8LAiMrzI6ZWH.Utj0vou7grcEGXk42cCn7DuBnyigaLIhTwYVSG','lhy634@ha.org.hk','2015-09-22 08:53:08',0,'https://pbs.twimg.com/profile_images/378800000822867536/3f5a00acf72df93528b6bb7cd0a4fd0c.jpeg'),(40,'test','$2a$10$vC8caIkdjhQrIOYTGFTlX.roeMeq/xy1DDvvH99KTfDKiDd.91hFm','sf@m.com','2015-09-22 13:59:15',0,'https://pbs.twimg.com/profile_images/476169263305457665/I8QlqUVh.jpeg'),(42,'mobile','$2a$10$vxMfCNgh9khJ5CXYNvHQA.nBMPI2lAORIUdnVj4P3BgxImTzdgAri','mobile@mo.com','2015-09-23 02:08:15',0,'https://pbs.twimg.com/profile_images/476169263305457665/I8QlqUVh.jpeg'),(56,'d','$2a$10$Sv92fc2uuNircLhwxAMaVu4c0c..rmeCc7fvX0JlxIji05a3Jv3Zu','1@22.com','2015-09-23 02:15:41',0,'https://pbs.twimg.com/profile_images/476169263305457665/I8QlqUVh.jpeg'),(57,'sd','$2a$10$G5oxYoiifn/bZZZ.QQ.tZ.ctLNK.ZEZqT5sFWCxK2iuaC5VSBXfCe','1@m.com','2015-09-23 02:18:48',0,'https://pbs.twimg.com/profile_images/476169263305457665/I8QlqUVh.jpeg'),(58,'a','$2a$10$4MYdvFiChInyPdUC9QCc/e7oBFEOs452hDdGTu98cXNMFIA8BPkaC','6@7.com','2015-09-23 02:19:41',0,'https://pbs.twimg.com/profile_images/476169263305457665/I8QlqUVh.jpeg'),(59,'testing456','$2a$10$NYf6eC1nZ2B.0kLkjsDM4.bfgSsshbOUtW/1X9lhPvidN8nxOmC46','45@67.com','2015-09-23 02:29:27',0,'https://pbs.twimg.com/profile_images/476169263305457665/I8QlqUVh.jpeg'),(60,'12345','$2a$10$SB84t3TR6TsFo4LMThA8cuzw1.XKo0fAEgQklHAx5DtfV3xphslLO','122@22.com','2015-09-23 02:33:51',0,'http://qooah.com/wp-content/uploads/2015/09/20150916174335.jpg'),(61,'lhy635','$2a$10$kw1JPNkLbTEARGcz6UkyTuN2Kz6hR8cTeHO34RTyxT1XSar9Pckxm','1234@ha','2015-09-23 03:47:02',0,'https://pbs.twimg.com/profile_images/476169263305457665/I8QlqUVh.jpeg'),(73,'NoTableSaltTedChow','$2a$10$r6kOCvukwMp0Mx9h4LAz.uEe0eKQcRJbhYL0aYy0i.t7aOdMX0Qyi','memoryyouface@mmw.com','2015-09-24 14:59:53',0,'https://demo-project-ddickk-2.c9.io/img/cychow4.jpg'),(74,'pikachuchu','$2a$10$BXBsrH.MheCYXxQqAORca.LEafRG4f630cHC/Oua0ZTwisd8D1DaW','kmrvmreom@hacdo.com','2015-09-25 04:31:25',0,'https://s-media-cache-ak0.pinimg.com/originals/cd/09/a0/cd09a086c982a735f98079c90bd80dea.jpg'),(75,'lhy636','$2a$10$weW1RIWE.TYU8QUh9wCFnu9kiLMyBGB/qo3V8jkxYUQcC4k7H9FUi','lhy636@ha.org','2015-09-29 04:17:24',0,'https://pbs.twimg.com/profile_images/476169263305457665/I8QlqUVh.jpeg'),(76,'lhy637','$2a$10$ZMiiAAoOdSK.77VlrNXm/e7XRPovj68xNDRUIAFjilKW.a4A77UZ.','lhy637@ha.org.hk','2015-09-29 04:18:02',0,'https://pbs.twimg.com/profile_images/476169263305457665/I8QlqUVh.jpeg'),(77,'qqrr','$2a$10$lr29yn0JVi72Ha.WX0XHkez9l/gVSLMbgpKKbVJy3LgkaP19vNuNC','asdfasdf@asf','2016-01-01 10:18:41',0,'https://pbs.twimg.com/profile_images/476169263305457665/I8QlqUVh.jpeg'),(78,'Anson','$2a$10$rRkg5bB0Z34ztasedcMp8Ohe9e58cOVzA/CUJQI4W2nbhRwGSHpTu','ansonkan31@gmail.com','2016-01-03 08:45:17',0,'http://i.imgur.com/exUbLk4.jpg'),(79,'qqwqqq','$2a$10$qJEINMj19KUcHw7bZ93MX.VR40XP4b1JCoPsyUBvhMvXQd2XvONH.','dfasdfs@asfsdf','2016-01-03 09:22:59',0,'https://pbs.twimg.com/profile_images/476169263305457665/I8QlqUVh.jpeg'),(80,'hahaha','$2a$10$fiT53VEQI4XITDp4byphcurSdF86vVQG2SIxj7UdjzR3LPciC9JZy','ha@ha.rog.hk','2016-01-04 07:33:43',0,'https://pbs.twimg.com/profile_images/476169263305457665/I8QlqUVh.jpeg'),(83,'ivancss','$2a$10$9mOBlNsnfwPJ/eFD6twQ1.v2pBr4Q/5zO7pur3F3QMNOqr.d7bgTq','css@css.com','2016-01-05 14:32:35',0,'https://pbs.twimg.com/profile_images/476169263305457665/I8QlqUVh.jpeg'),(84,'testingadmin','$2a$10$77eXAdmt01ePgXlKJAl8p./414whQuwWlprif4bIdYHPAJrbDFiiy','zfsdfs@zfsdf.com','2016-01-08 10:31:29',0,'https://pbs.twimg.com/profile_images/476169263305457665/I8QlqUVh.jpeg'),(85,'白 白','$2a$10$vNJG7mDC1Tm3VEDaYv8Vwek/hmByjlgrvILKNDKWs6XydKu5hCOnq','123@ogg.hk','2016-01-08 12:04:52',0,'https://pbs.twimg.com/profile_images/476169263305457665/I8QlqUVh.jpeg'),(86,'ivanhoe950523','$2a$10$gzblO2J1JK2WwXmJnVfdZuhJANypjy.1zhfTO6aIXahphSqk5WdV.','abc@123.com','2016-10-19 13:11:05',0,'https://pbs.twimg.com/profile_images/476169263305457665/I8QlqUVh.jpeg'),(87,'ivanhoe955','$2a$10$aGbit0Uj7LDLjG/dRocSfucGTHZtGmBt6Sg9u2aQI9SUDaZnSHa1u','123@abc.com','2016-10-19 13:13:30',0,'https://pbs.twimg.com/profile_images/476169263305457665/I8QlqUVh.jpeg'),(88,'t12','$2a$10$ivJrH2.PmJI2ZLuN2PrtaOOGyIdCVjBQ2qcrpZw3TKsKBMDtZZd.S','123@g','2017-11-25 06:46:39',0,'https://pbs.twimg.com/profile_images/476169263305457665/I8QlqUVh.jpeg');
/*!40000 ALTER TABLE `user` ENABLE KEYS */;
UNLOCK TABLES;

--
-- Dumping data for table `user_follow`
--

LOCK TABLES `user_follow` WRITE;
/*!40000 ALTER TABLE `user_follow` DISABLE KEYS */;
INSERT INTO `user_follow` VALUES (3,'aldnoah-zero',2),(3,'arslan',3),(3,'charlotte',12),(3,'dagashi',1),(3,'godeater',6),(3,'gundam-tekketsu',12),(3,'gurren-lagann',5),(3,'haikyu2',13),(3,'illya-2herz',3),(3,'komugir',1),(3,'konosuba',1),(3,'koyomimonogatari',1),(3,'shimoseka',8),(3,'umaru',12),(4,'charlotte',11),(4,'gate_fantasy',8),(4,'godeater',10),(4,'gurren-lagann',1),(4,'illya-2herz',2),(4,'madoka',12),(4,'umaru',8),(14,'arslan',2),(14,'charlotte',2),(14,'gate_fantasy',1),(14,'shimoseka',8),(14,'umaru',8),(14,'yuyuyu',1),(15,'arslan',21),(15,'charlotte',5),(17,'umaru',11),(17,'yuyuyu',9),(20,'charlotte',1),(25,'charlotte',1),(25,'umaru',11),(26,'gundam-tekketsu',5),(27,'gate_fantasy',1),(27,'umaru',11),(30,'soma',24),(36,'umaru',12),(39,'charlotte',1),(39,'dagashi',1),(39,'gate_fantasy',12),(39,'haikyu2',5),(39,'posa',1),(60,'arslan',1),(60,'soma',1),(74,'illya-2herz',9),(74,'rokka',12),(78,'gundam-tekketsu',14),(79,'komugir',1),(80,'gundam-tekketsu',14),(86,'ansatsu',1),(87,'activeraid',1);
/*!40000 ALTER TABLE `user_follow` ENABLE KEYS */;
UNLOCK TABLES;

--
-- Dumping data for table `video`
--

LOCK TABLES `video` WRITE;
/*!40000 ALTER TABLE `video` DISABLE KEYS */;
/*!40000 ALTER TABLE `video` ENABLE KEYS */;
UNLOCK TABLES;

--
-- Dumping data for table `vote_tag`
--

LOCK TABLES `vote_tag` WRITE;
/*!40000 ALTER TABLE `vote_tag` DISABLE KEYS */;
INSERT INTO `vote_tag` VALUES ('chaos','on9','4'),('chaos','on9','5'),('chaos','on9','6'),('chaos','魔法戰爭獎','5'),('chaos','魔法戰爭獎','4'),('chaos','7月最爛','4'),('umaru','搞笑',''),('umaru','搞笑',''),('umaru','搞笑',''),('umaru','搞笑',''),('umaru','搞笑',''),('umaru','搞笑','17'),('chaos','7月最爛',''),('umaru','搞笑',''),('umaru','搞笑',''),('umaru','搞笑',''),('shimoseka','搞笑',''),('chaos','奇幻','4'),('umaru','搞笑',''),('umaru','搞笑',''),('umaru','搞笑',''),('umaru','搞笑',''),('umaru','搞笑',''),('umaru','搞笑',''),('umaru','搞笑',''),('umaru','搞笑',''),('umaru','搞笑',''),('umaru','搞笑',''),('umaru','搞笑',''),('charlotte','tommy is handsome','4'),('umaru','ivan is gay','4'),('gurren-lagann','熱血','3'),('gurren-lagann','機戰','3'),('gurren-lagann','鑽頭','3'),('gurren-lagann','','3'),('charlotte','tommy is handsome','3'),('gakkougurashi','治癒','4'),('prison-school','18+','4'),('charlotte','麻枝准番鄉下耕田啦','4'),('chaos','老虛','4'),('chaos','on9','14'),('chaos','魔法戰爭獎','14'),('chaos','7月最爛','14'),('chaos','老虛','14'),('chaos','奇幻','14'),('chaos','一集死一個','14'),('illya-2herz','FBI is watching you','4'),('illya-2herz','cp','4'),('charlotte','麻枝准番鄉下耕田啦','3'),('charlotte','新AZ','3'),('yosuga','妹控','3'),('illya-2herz','FBI is watching you','3'),('godeater','s','18'),('prison-school','好想俾花姐打','3'),('umaru','Put down the bottle of salt','15'),('umaru','搞笑','15'),('charlotte','麻枝准番鄉下耕田啦','17'),('prison-school','好想俾花姐打','17'),('yosuga','妹控','17'),('madoka','老虛','17'),('madoka','治癒','17'),('yuyuyu','治癒','17'),('gate_fantasy','i know he is on9','3'),('gate_fantasy','jimmy is on9','3'),('godeater','s','29'),('gakkougurashi','百合','26'),('rokka','嘔吐','25'),('illya-2herz','FBI is watching you','26'),('prison-school','好想俾花姐打','26'),('prison-school','18+','26'),('prison-school','色情','26'),('charlotte','思春期','26'),('yosuga','123','26'),('charlotte','麻枝准番鄉下耕田啦','26'),('rokka','偵探劇','25'),('gate_fantasy','jimmy is on9','27'),('umaru','搞笑','39'),('umaru','賣萌','39'),('gate_fantasy','jimmy is on9','39'),('charlotte','友利 my wifi','39'),('charlotte','麻枝准番鄉下耕田啦','39'),('charlotte','tommy is handsome','39'),('chaos','on9','39'),('chaos','魔法戰爭獎','39'),('charlotte','友利 my wifi','3'),('charlotte','飲食節目','3'),('charlotte','思春期','3'),('charlotte','麻枝准番鄉下耕田啦','60'),('gundam-tekketsu','','78'),('gundam-tekketsu','testing','3'),('gundam-tekketsu','','3'),('haikyu2','hahaha','39');
/*!40000 ALTER TABLE `vote_tag` ENABLE KEYS */;
UNLOCK TABLES;
/*!40103 SET TIME_ZONE=@OLD_TIME_ZONE */;

/*!40101 SET SQL_MODE=@OLD_SQL_MODE */;
/*!40014 SET FOREIGN_KEY_CHECKS=@OLD_FOREIGN_KEY_CHECKS */;
/*!40014 SET UNIQUE_CHECKS=@OLD_UNIQUE_CHECKS */;
/*!40101 SET CHARACTER_SET_CLIENT=@OLD_CHARACTER_SET_CLIENT */;
/*!40101 SET CHARACTER_SET_RESULTS=@OLD_CHARACTER_SET_RESULTS */;
/*!40101 SET COLLATION_CONNECTION=@OLD_COLLATION_CONNECTION */;
/*!40111 SET SQL_NOTES=@OLD_SQL_NOTES */;

-- Dump completed on 2018-01-26 10:25:20
